venue_id,month,role_category,headcount,budgeted_headcount
V-001,2024-11-01,Kitchen,48,52
V-001,2024-11-01,FOH,56,60
V-001,2024-11-01,Management,20,21
V-001,2024-11-01,Admin,15,16
V-001,2024-11-01,Events,20,22
V-001,2024-12-01,Kitchen,49,52
V-001,2024-12-01,FOH,56,60
V-001,2024-12-01,Management,22,22
V-001,2024-12-01,Admin,14,16
V-001,2024-12-01,Events,23,23
V-001,2025-01-01,Kitchen,51,52
V-001,2025-01-01,FOH,56,60
V-001,2025-01-01,Management,18,21
V-001,2025-01-01,Admin,14,16
V-001,2025-01-01,Events,20,22
V-001,2025-02-01,Kitchen,49,52
V-001,2025-02-01,FOH,60,60
V-001,2025-02-01,Management,22,22
V-001,2025-02-01,Admin,14,16
V-001,2025-02-01,Events,23,23
V-001,2025-03-01,Kitchen,49,52
V-001,2025-03-01,FOH,60,60
V-001,2025-03-01,Management,21,21
V-001,2025-03-01,Admin,15,16
V-001,2025-03-01,Events,22,22
V-001,2025-04-01,Kitchen,52,52
V-001,2025-04-01,FOH,58,60
V-001,2025-04-01,Management,18,21
V-001,2025-04-01,Admin,15,16
V-001,2025-04-01,Events,22,22
V-001,2025-05-01,Kitchen,50,52
V-001,2025-05-01,FOH,58,60
V-001,2025-05-01,Management,19,21
V-001,2025-05-01,Admin,15,16
V-001,2025-05-01,Events,21,22
V-001,2025-06-01,Kitchen,48,52
V-001,2025-06-01,FOH,56,60
V-001,2025-06-01,Management,21,21
V-001,2025-06-01,Admin,14,16
V-001,2025-06-01,Events,21,22
V-001,2025-07-01,Kitchen,50,52
V-001,2025-07-01,FOH,60,60
V-001,2025-07-01,Management,20,21
V-001,2025-07-01,Admin,14,16
V-001,2025-07-01,Events,22,22
V-001,2025-08-01,Kitchen,52,52
V-001,2025-08-01,FOH,56,60
V-001,2025-08-01,Management,21,21
V-001,2025-08-01,Admin,14,16
V-001,2025-08-01,Events,23,23
V-001,2025-09-01,Kitchen,50,52
V-001,2025-09-01,FOH,60,60
V-001,2025-09-01,Management,20,21
V-001,2025-09-01,Admin,18,18
V-001,2025-09-01,Events,20,22
V-001,2025-10-01,Kitchen,48,52
V-001,2025-10-01,FOH,56,60
V-001,2025-10-01,Management,19,21
V-001,2025-10-01,Admin,16,16
V-001,2025-10-01,Events,19,22
V-001,2025-11-01,Kitchen,49,52
V-001,2025-11-01,FOH,56,60
V-001,2025-11-01,Management,21,21
V-001,2025-11-01,Admin,16,16
V-001,2025-11-01,Events,22,22
V-001,2025-12-01,Kitchen,50,52
V-001,2025-12-01,FOH,57,60
V-001,2025-12-01,Management,20,21
V-001,2025-12-01,Admin,16,16
V-001,2025-12-01,Events,20,22
V-001,2026-01-01,Kitchen,50,52
V-001,2026-01-01,FOH,56,60
V-001,2026-01-01,Management,22,22
V-001,2026-01-01,Admin,15,16
V-001,2026-01-01,Events,23,23
V-001,2026-02-01,Kitchen,49,52
V-001,2026-02-01,FOH,57,60
V-001,2026-02-01,Management,21,21
V-001,2026-02-01,Admin,17,17
V-001,2026-02-01,Events,21,22
V-001,2026-03-01,Kitchen,52,52
V-001,2026-03-01,FOH,57,60
V-001,2026-03-01,Management,20,21
V-001,2026-03-01,Admin,14,16
V-001,2026-03-01,Events,20,22
V-001,2026-04-01,Kitchen,48,52
V-001,2026-04-01,FOH,58,60
V-001,2026-04-01,Management,21,21
V-001,2026-04-01,Admin,16,16
V-001,2026-04-01,Events,19,22
V-001,2026-05-01,Kitchen,49,52
V-001,2026-05-01,FOH,60,60
V-001,2026-05-01,Management,20,21
V-001,2026-05-01,Admin,15,16
V-001,2026-05-01,Events,22,22
V-002,2024-11-01,Kitchen,58,59
V-002,2024-11-01,FOH,68,70
V-002,2024-11-01,Management,22,24
V-002,2024-11-01,Admin,19,19
V-002,2024-11-01,Events,23,25
V-002,2024-12-01,Kitchen,56,59
V-002,2024-12-01,FOH,69,70
V-002,2024-12-01,Management,25,25
V-002,2024-12-01,Admin,19,19
V-002,2024-12-01,Events,26,26
V-002,2025-01-01,Kitchen,58,59
V-002,2025-01-01,FOH,69,70
V-002,2025-01-01,Management,24,24
V-002,2025-01-01,Admin,19,19
V-002,2025-01-01,Events,23,25
V-002,2025-02-01,Kitchen,56,59
V-002,2025-02-01,FOH,69,70
V-002,2025-02-01,Management,24,24
V-002,2025-02-01,Admin,17,19
V-002,2025-02-01,Events,22,25
V-002,2025-03-01,Kitchen,55,59
V-002,2025-03-01,FOH,66,70
V-002,2025-03-01,Management,22,24
V-002,2025-03-01,Admin,20,20
V-002,2025-03-01,Events,26,26
V-002,2025-04-01,Kitchen,55,59
V-002,2025-04-01,FOH,68,70
V-002,2025-04-01,Management,24,24
V-002,2025-04-01,Admin,21,21
V-002,2025-04-01,Events,25,25
V-002,2025-05-01,Kitchen,59,59
V-002,2025-05-01,FOH,67,70
V-002,2025-05-01,Management,25,25
V-002,2025-05-01,Admin,17,19
V-002,2025-05-01,Events,22,25
V-002,2025-06-01,Kitchen,59,59
V-002,2025-06-01,FOH,67,70
V-002,2025-06-01,Management,23,24
V-002,2025-06-01,Admin,17,19
V-002,2025-06-01,Events,24,25
V-002,2025-07-01,Kitchen,58,59
V-002,2025-07-01,FOH,66,70
V-002,2025-07-01,Management,24,24
V-002,2025-07-01,Admin,17,19
V-002,2025-07-01,Events,24,25
V-002,2025-08-01,Kitchen,59,59
V-002,2025-08-01,FOH,66,70
V-002,2025-08-01,Management,25,25
V-002,2025-08-01,Admin,17,19
V-002,2025-08-01,Events,24,25
V-002,2025-09-01,Kitchen,59,59
V-002,2025-09-01,FOH,69,70
V-002,2025-09-01,Management,22,24
V-002,2025-09-01,Admin,18,19
V-002,2025-09-01,Events,24,25
V-002,2025-10-01,Kitchen,56,59
V-002,2025-10-01,FOH,69,70
V-002,2025-10-01,Management,25,25
V-002,2025-10-01,Admin,17,19
V-002,2025-10-01,Events,26,26
V-002,2025-11-01,Kitchen,57,59
V-002,2025-11-01,FOH,68,70
V-002,2025-11-01,Management,21,24
V-002,2025-11-01,Admin,17,19
V-002,2025-11-01,Events,24,25
V-002,2025-12-01,Kitchen,57,59
V-002,2025-12-01,FOH,66,70
V-002,2025-12-01,Management,21,24
V-002,2025-12-01,Admin,18,19
V-002,2025-12-01,Events,26,26
V-002,2026-01-01,Kitchen,55,59
V-002,2026-01-01,FOH,65,70
V-002,2026-01-01,Management,24,24
V-002,2026-01-01,Admin,17,19
V-002,2026-01-01,Events,26,26
V-002,2026-02-01,Kitchen,56,59
V-002,2026-02-01,FOH,66,70
V-002,2026-02-01,Management,24,24
V-002,2026-02-01,Admin,21,21
V-002,2026-02-01,Events,23,25
V-002,2026-03-01,Kitchen,57,59
V-002,2026-03-01,FOH,69,70
V-002,2026-03-01,Management,25,25
V-002,2026-03-01,Admin,20,20
V-002,2026-03-01,Events,23,25
V-002,2026-04-01,Kitchen,59,59
V-002,2026-04-01,FOH,66,70
V-002,2026-04-01,Management,23,24
V-002,2026-04-01,Admin,20,20
V-002,2026-04-01,Events,24,25
V-002,2026-05-01,Kitchen,58,59
V-002,2026-05-01,FOH,69,70
V-002,2026-05-01,Management,24,24
V-002,2026-05-01,Admin,17,19
V-002,2026-05-01,Events,23,25
V-003,2025-07-01,Kitchen,24,26
V-003,2025-07-01,FOH,27,30
V-003,2025-07-01,Management,10,10
V-003,2025-07-01,Admin,6,8
V-003,2025-07-01,Events,12,12
V-003,2025-08-01,Kitchen,27,27
V-003,2025-08-01,FOH,28,30
V-003,2025-08-01,Management,12,12
V-003,2025-08-01,Admin,7,8
V-003,2025-08-01,Events,8,10
V-003,2025-09-01,Kitchen,23,26
V-003,2025-09-01,FOH,27,30
V-003,2025-09-01,Management,9,10
V-003,2025-09-01,Admin,6,8
V-003,2025-09-01,Events,8,10
V-003,2025-10-01,Kitchen,25,26
V-003,2025-10-01,FOH,27,30
V-003,2025-10-01,Management,12,12
V-003,2025-10-01,Admin,7,8
V-003,2025-10-01,Events,10,10
V-003,2025-11-01,Kitchen,26,26
V-003,2025-11-01,FOH,28,30
V-003,2025-11-01,Management,12,12
V-003,2025-11-01,Admin,7,8
V-003,2025-11-01,Events,12,12
V-003,2025-12-01,Kitchen,27,27
V-003,2025-12-01,FOH,30,30
V-003,2025-12-01,Management,9,10
V-003,2025-12-01,Admin,9,9
V-003,2025-12-01,Events,11,11
V-003,2026-01-01,Kitchen,24,26
V-003,2026-01-01,FOH,27,30
V-003,2026-01-01,Management,8,10
V-003,2026-01-01,Admin,9,9
V-003,2026-01-01,Events,10,10
V-003,2026-02-01,Kitchen,26,26
V-003,2026-02-01,FOH,30,30
V-003,2026-02-01,Management,11,11
V-003,2026-02-01,Admin,6,8
V-003,2026-02-01,Events,8,10
V-003,2026-03-01,Kitchen,23,26
V-003,2026-03-01,FOH,30,30
V-003,2026-03-01,Management,10,10
V-003,2026-03-01,Admin,6,8
V-003,2026-03-01,Events,9,10
V-003,2026-04-01,Kitchen,24,26
V-003,2026-04-01,FOH,28,30
V-003,2026-04-01,Management,12,12
V-003,2026-04-01,Admin,9,9
V-003,2026-04-01,Events,9,10
V-003,2026-05-01,Kitchen,26,26
V-003,2026-05-01,FOH,28,30
V-003,2026-05-01,Management,10,10
V-003,2026-05-01,Admin,9,9
V-003,2026-05-01,Events,9,10
V-004,2024-11-01,Kitchen,34,37
V-004,2024-11-01,FOH,43,44
V-004,2024-11-01,Management,16,16
V-004,2024-11-01,Admin,10,12
V-004,2024-11-01,Events,13,15
V-004,2024-12-01,Kitchen,38,38
V-004,2024-12-01,FOH,40,44
V-004,2024-12-01,Management,12,14
V-004,2024-12-01,Admin,11,12
V-004,2024-12-01,Events,14,15
V-004,2025-01-01,Kitchen,37,37
V-004,2025-01-01,FOH,43,44
V-004,2025-01-01,Management,15,15
V-004,2025-01-01,Admin,11,12
V-004,2025-01-01,Events,16,16
V-004,2025-02-01,Kitchen,34,37
V-004,2025-02-01,FOH,41,44
V-004,2025-02-01,Management,15,15
V-004,2025-02-01,Admin,10,12
V-004,2025-02-01,Events,16,16
V-004,2025-03-01,Kitchen,36,37
V-004,2025-03-01,FOH,43,44
V-004,2025-03-01,Management,14,14
V-004,2025-03-01,Admin,13,13
V-004,2025-03-01,Events,17,17
V-004,2025-04-01,Kitchen,37,37
V-004,2025-04-01,FOH,41,44
V-004,2025-04-01,Management,13,14
V-004,2025-04-01,Admin,12,12
V-004,2025-04-01,Events,14,15
V-004,2025-05-01,Kitchen,34,37
V-004,2025-05-01,FOH,44,44
V-004,2025-05-01,Management,16,16
V-004,2025-05-01,Admin,10,12
V-004,2025-05-01,Events,15,15
V-004,2025-06-01,Kitchen,34,37
V-004,2025-06-01,FOH,40,44
V-004,2025-06-01,Management,16,16
V-004,2025-06-01,Admin,13,13
V-004,2025-06-01,Events,17,17
V-004,2025-07-01,Kitchen,38,38
V-004,2025-07-01,FOH,41,44
V-004,2025-07-01,Management,12,14
V-004,2025-07-01,Admin,14,14
V-004,2025-07-01,Events,13,15
V-004,2025-08-01,Kitchen,35,37
V-004,2025-08-01,FOH,40,44
V-004,2025-08-01,Management,16,16
V-004,2025-08-01,Admin,10,12
V-004,2025-08-01,Events,14,15
V-004,2025-09-01,Kitchen,37,37
V-004,2025-09-01,FOH,40,44
V-004,2025-09-01,Management,16,16
V-004,2025-09-01,Admin,11,12
V-004,2025-09-01,Events,17,17
V-004,2025-10-01,Kitchen,38,38
V-004,2025-10-01,FOH,40,44
V-004,2025-10-01,Management,16,16
V-004,2025-10-01,Admin,10,12
V-004,2025-10-01,Events,16,16
V-004,2025-11-01,Kitchen,38,38
V-004,2025-11-01,FOH,44,44
V-004,2025-11-01,Management,16,16
V-004,2025-11-01,Admin,12,12
V-004,2025-11-01,Events,15,15
V-004,2025-12-01,Kitchen,35,37
V-004,2025-12-01,FOH,42,44
V-004,2025-12-01,Management,13,14
V-004,2025-12-01,Admin,12,12
V-004,2025-12-01,Events,16,16
V-004,2026-01-01,Kitchen,35,37
V-004,2026-01-01,FOH,42,44
V-004,2026-01-01,Management,15,15
V-004,2026-01-01,Admin,12,12
V-004,2026-01-01,Events,13,15
V-004,2026-02-01,Kitchen,34,37
V-004,2026-02-01,FOH,43,44
V-004,2026-02-01,Management,16,16
V-004,2026-02-01,Admin,14,14
V-004,2026-02-01,Events,13,15
V-004,2026-03-01,Kitchen,34,37
V-004,2026-03-01,FOH,44,44
V-004,2026-03-01,Management,13,14
V-004,2026-03-01,Admin,14,14
V-004,2026-03-01,Events,15,15
V-004,2026-04-01,Kitchen,35,37
V-004,2026-04-01,FOH,42,44
V-004,2026-04-01,Management,12,14
V-004,2026-04-01,Admin,11,12
V-004,2026-04-01,Events,15,15
V-004,2026-05-01,Kitchen,36,37
V-004,2026-05-01,FOH,41,44
V-004,2026-05-01,Management,15,15
V-004,2026-05-01,Admin,14,14
V-004,2026-05-01,Events,15,15
V-005,2024-11-01,Kitchen,12,12
V-005,2024-11-01,FOH,14,14
V-005,2024-11-01,Management,2,4
V-005,2024-11-01,Admin,5,5
V-005,2024-11-01,Events,4,4
V-005,2024-12-01,Kitchen,8,10
V-005,2024-12-01,FOH,11,12
V-005,2024-12-01,Management,4,4
V-005,2024-12-01,Admin,1,3
V-005,2024-12-01,Events,2,4
V-005,2025-01-01,Kitchen,12,12
V-005,2025-01-01,FOH,11,12
V-005,2025-01-01,Management,4,4
V-005,2025-01-01,Admin,3,3
V-005,2025-01-01,Events,6,6
V-005,2025-02-01,Kitchen,9,10
V-005,2025-02-01,FOH,12,12
V-005,2025-02-01,Management,3,4
V-005,2025-02-01,Admin,3,3
V-005,2025-02-01,Events,6,6
V-005,2025-03-01,Kitchen,11,11
V-005,2025-03-01,FOH,12,12
V-005,2025-03-01,Management,2,4
V-005,2025-03-01,Admin,1,3
V-005,2025-03-01,Events,5,5
V-005,2025-04-01,Kitchen,10,10
V-005,2025-04-01,FOH,10,12
V-005,2025-04-01,Management,2,4
V-005,2025-04-01,Admin,3,3
V-005,2025-04-01,Events,3,4
V-005,2025-05-01,Kitchen,10,10
V-005,2025-05-01,FOH,11,12
V-005,2025-05-01,Management,5,5
V-005,2025-05-01,Admin,5,5
V-005,2025-05-01,Events,5,5
V-005,2025-06-01,Kitchen,12,12
V-005,2025-06-01,FOH,10,12
V-005,2025-06-01,Management,2,4
V-005,2025-06-01,Admin,1,3
V-005,2025-06-01,Events,3,4
V-005,2025-07-01,Kitchen,12,12
V-005,2025-07-01,FOH,10,12
V-005,2025-07-01,Management,4,4
V-005,2025-07-01,Admin,5,5
V-005,2025-07-01,Events,6,6
V-005,2025-08-01,Kitchen,9,10
V-005,2025-08-01,FOH,13,13
V-005,2025-08-01,Management,3,4
V-005,2025-08-01,Admin,1,3
V-005,2025-08-01,Events,4,4
V-005,2025-09-01,Kitchen,10,10
V-005,2025-09-01,FOH,10,12
V-005,2025-09-01,Management,4,4
V-005,2025-09-01,Admin,2,3
V-005,2025-09-01,Events,3,4
V-005,2025-10-01,Kitchen,8,10
V-005,2025-10-01,FOH,12,12
V-005,2025-10-01,Management,6,6
V-005,2025-10-01,Admin,4,4
V-005,2025-10-01,Events,6,6
V-005,2025-11-01,Kitchen,9,10
V-005,2025-11-01,FOH,11,12
V-005,2025-11-01,Management,3,4
V-005,2025-11-01,Admin,2,3
V-005,2025-11-01,Events,5,5
V-005,2025-12-01,Kitchen,8,10
V-005,2025-12-01,FOH,11,12
V-005,2025-12-01,Management,4,4
V-005,2025-12-01,Admin,4,4
V-005,2025-12-01,Events,3,4
V-005,2026-01-01,Kitchen,10,10
V-005,2026-01-01,FOH,11,12
V-005,2026-01-01,Management,2,4
V-005,2026-01-01,Admin,4,4
V-005,2026-01-01,Events,2,4
V-005,2026-02-01,Kitchen,11,11
V-005,2026-02-01,FOH,11,12
V-005,2026-02-01,Management,3,4
V-005,2026-02-01,Admin,4,4
V-005,2026-02-01,Events,4,4
V-005,2026-03-01,Kitchen,10,10
V-005,2026-03-01,FOH,11,12
V-005,2026-03-01,Management,3,4
V-005,2026-03-01,Admin,1,3
V-005,2026-03-01,Events,3,4
V-005,2026-04-01,Kitchen,11,11
V-005,2026-04-01,FOH,12,12
V-005,2026-04-01,Management,4,4
V-005,2026-04-01,Admin,1,3
V-005,2026-04-01,Events,4,4
V-005,2026-05-01,Kitchen,10,10
V-005,2026-05-01,FOH,14,14
V-005,2026-05-01,Management,5,5
V-005,2026-05-01,Admin,5,5
V-005,2026-05-01,Events,4,4
V-006,2026-04-01,Kitchen,12,14
V-006,2026-04-01,FOH,14,16
V-006,2026-04-01,Management,5,5
V-006,2026-04-01,Admin,3,4
V-006,2026-04-01,Events,8,8
V-006,2026-05-01,Kitchen,14,14
V-006,2026-05-01,FOH,14,16
V-006,2026-05-01,Management,3,5
V-006,2026-05-01,Admin,6,6
V-006,2026-05-01,Events,7,7
V-007,2024-11-01,Kitchen,19,19
V-007,2024-11-01,FOH,23,24
V-007,2024-11-01,Management,8,8
V-007,2024-11-01,Admin,8,8
V-007,2024-11-01,Events,10,10
V-007,2024-12-01,Kitchen,17,19
V-007,2024-12-01,FOH,24,24
V-007,2024-12-01,Management,9,9
V-007,2024-12-01,Admin,5,6
V-007,2024-12-01,Events,8,8
V-007,2025-01-01,Kitchen,17,19
V-007,2025-01-01,FOH,24,24
V-007,2025-01-01,Management,5,7
V-007,2025-01-01,Admin,8,8
V-007,2025-01-01,Events,10,10
V-007,2025-02-01,Kitchen,18,19
V-007,2025-02-01,FOH,23,24
V-007,2025-02-01,Management,8,8
V-007,2025-02-01,Admin,4,6
V-007,2025-02-01,Events,8,8
V-007,2025-03-01,Kitchen,21,21
V-007,2025-03-01,FOH,23,24
V-007,2025-03-01,Management,5,7
V-007,2025-03-01,Admin,6,6
V-007,2025-03-01,Events,10,10
V-007,2025-04-01,Kitchen,19,19
V-007,2025-04-01,FOH,24,24
V-007,2025-04-01,Management,7,7
V-007,2025-04-01,Admin,7,7
V-007,2025-04-01,Events,8,8
V-007,2025-05-01,Kitchen,21,21
V-007,2025-05-01,FOH,22,24
V-007,2025-05-01,Management,6,7
V-007,2025-05-01,Admin,7,7
V-007,2025-05-01,Events,9,9
V-007,2025-06-01,Kitchen,18,19
V-007,2025-06-01,FOH,25,25
V-007,2025-06-01,Management,9,9
V-007,2025-06-01,Admin,6,6
V-007,2025-06-01,Events,9,9
V-007,2025-07-01,Kitchen,21,21
V-007,2025-07-01,FOH,21,24
V-007,2025-07-01,Management,7,7
V-007,2025-07-01,Admin,6,6
V-007,2025-07-01,Events,7,8
V-007,2025-08-01,Kitchen,20,20
V-007,2025-08-01,FOH,25,25
V-007,2025-08-01,Management,9,9
V-007,2025-08-01,Admin,6,6
V-007,2025-08-01,Events,9,9
V-007,2025-09-01,Kitchen,20,20
V-007,2025-09-01,FOH,24,24
V-007,2025-09-01,Management,6,7
V-007,2025-09-01,Admin,8,8
V-007,2025-09-01,Events,9,9
V-007,2025-10-01,Kitchen,18,19
V-007,2025-10-01,FOH,21,24
V-007,2025-10-01,Management,7,7
V-007,2025-10-01,Admin,8,8
V-007,2025-10-01,Events,10,10
V-007,2025-11-01,Kitchen,19,19
V-007,2025-11-01,FOH,21,24
V-007,2025-11-01,Management,6,7
V-007,2025-11-01,Admin,6,6
V-007,2025-11-01,Events,7,8
V-007,2025-12-01,Kitchen,18,19
V-007,2025-12-01,FOH,22,24
V-007,2025-12-01,Management,5,7
V-007,2025-12-01,Admin,4,6
V-007,2025-12-01,Events,7,8
V-007,2026-01-01,Kitchen,20,20
V-007,2026-01-01,FOH,25,25
V-007,2026-01-01,Management,5,7
V-007,2026-01-01,Admin,7,7
V-007,2026-01-01,Events,9,9
V-007,2026-02-01,Kitchen,21,21
V-007,2026-02-01,FOH,22,24
V-007,2026-02-01,Management,8,8
V-007,2026-02-01,Admin,7,7
V-007,2026-02-01,Events,9,9
V-007,2026-03-01,Kitchen,18,19
V-007,2026-03-01,FOH,22,24
V-007,2026-03-01,Management,5,7
V-007,2026-03-01,Admin,4,6
V-007,2026-03-01,Events,9,9
V-007,2026-04-01,Kitchen,18,19
V-007,2026-04-01,FOH,22,24
V-007,2026-04-01,Management,9,9
V-007,2026-04-01,Admin,7,7
V-007,2026-04-01,Events,6,8
V-007,2026-05-01,Kitchen,21,21
V-007,2026-05-01,FOH,22,24
V-007,2026-05-01,Management,5,7
V-007,2026-05-01,Admin,7,7
V-007,2026-05-01,Events,7,8
V-008,2024-11-01,Kitchen,18,18
V-008,2024-11-01,FOH,21,21
V-008,2024-11-01,Management,8,8
V-008,2024-11-01,Admin,7,7
V-008,2024-11-01,Events,7,7
V-008,2024-12-01,Kitchen,18,18
V-008,2024-12-01,FOH,21,21
V-008,2024-12-01,Management,8,8
V-008,2024-12-01,Admin,6,6
V-008,2024-12-01,Events,9,9
V-008,2025-01-01,Kitchen,18,18
V-008,2025-01-01,FOH,18,19
V-008,2025-01-01,Management,7,7
V-008,2025-01-01,Admin,6,6
V-008,2025-01-01,Events,7,7
V-008,2025-02-01,Kitchen,16,17
V-008,2025-02-01,FOH,19,19
V-008,2025-02-01,Management,8,8
V-008,2025-02-01,Admin,6,6
V-008,2025-02-01,Events,6,7
V-008,2025-03-01,Kitchen,17,17
V-008,2025-03-01,FOH,20,20
V-008,2025-03-01,Management,4,6
V-008,2025-03-01,Admin,5,5
V-008,2025-03-01,Events,6,7
V-008,2025-04-01,Kitchen,17,17
V-008,2025-04-01,FOH,19,19
V-008,2025-04-01,Management,6,6
V-008,2025-04-01,Admin,7,7
V-008,2025-04-01,Events,5,7
V-008,2025-05-01,Kitchen,16,17
V-008,2025-05-01,FOH,18,19
V-008,2025-05-01,Management,5,6
V-008,2025-05-01,Admin,6,6
V-008,2025-05-01,Events,6,7
V-008,2025-06-01,Kitchen,16,17
V-008,2025-06-01,FOH,17,19
V-008,2025-06-01,Management,7,7
V-008,2025-06-01,Admin,6,6
V-008,2025-06-01,Events,7,7
V-008,2025-07-01,Kitchen,19,19
V-008,2025-07-01,FOH,20,20
V-008,2025-07-01,Management,7,7
V-008,2025-07-01,Admin,3,5
V-008,2025-07-01,Events,6,7
V-008,2025-08-01,Kitchen,18,18
V-008,2025-08-01,FOH,20,20
V-008,2025-08-01,Management,8,8
V-008,2025-08-01,Admin,3,5
V-008,2025-08-01,Events,9,9
V-008,2025-09-01,Kitchen,18,18
V-008,2025-09-01,FOH,20,20
V-008,2025-09-01,Management,4,6
V-008,2025-09-01,Admin,5,5
V-008,2025-09-01,Events,7,7
V-008,2025-10-01,Kitchen,18,18
V-008,2025-10-01,FOH,20,20
V-008,2025-10-01,Management,8,8
V-008,2025-10-01,Admin,7,7
V-008,2025-10-01,Events,9,9
V-008,2025-11-01,Kitchen,16,17
V-008,2025-11-01,FOH,20,20
V-008,2025-11-01,Management,5,6
V-008,2025-11-01,Admin,5,5
V-008,2025-11-01,Events,8,8
V-008,2025-12-01,Kitchen,18,18
V-008,2025-12-01,FOH,17,19
V-008,2025-12-01,Management,7,7
V-008,2025-12-01,Admin,5,5
V-008,2025-12-01,Events,8,8
V-008,2026-01-01,Kitchen,16,17
V-008,2026-01-01,FOH,20,20
V-008,2026-01-01,Management,5,6
V-008,2026-01-01,Admin,7,7
V-008,2026-01-01,Events,9,9
V-008,2026-02-01,Kitchen,15,17
V-008,2026-02-01,FOH,20,20
V-008,2026-02-01,Management,8,8
V-008,2026-02-01,Admin,7,7
V-008,2026-02-01,Events,5,7
V-008,2026-03-01,Kitchen,15,17
V-008,2026-03-01,FOH,20,20
V-008,2026-03-01,Management,5,6
V-008,2026-03-01,Admin,6,6
V-008,2026-03-01,Events,6,7
V-008,2026-04-01,Kitchen,15,17
V-008,2026-04-01,FOH,19,19
V-008,2026-04-01,Management,7,7
V-008,2026-04-01,Admin,5,5
V-008,2026-04-01,Events,6,7
V-008,2026-05-01,Kitchen,18,18
V-008,2026-05-01,FOH,19,19
V-008,2026-05-01,Management,6,6
V-008,2026-05-01,Admin,6,6
V-008,2026-05-01,Events,7,7
V-009,2024-11-01,Kitchen,16,16
V-009,2024-11-01,FOH,17,17
V-009,2024-11-01,Management,4,6
V-009,2024-11-01,Admin,6,6
V-009,2024-11-01,Events,4,6
V-009,2024-12-01,Kitchen,17,17
V-009,2024-12-01,FOH,15,17
V-009,2024-12-01,Management,6,6
V-009,2024-12-01,Admin,4,5
V-009,2024-12-01,Events,4,6
V-009,2025-01-01,Kitchen,13,15
V-009,2025-01-01,FOH,15,17
V-009,2025-01-01,Management,5,6
V-009,2025-01-01,Admin,4,5
V-009,2025-01-01,Events,4,6
V-009,2025-02-01,Kitchen,17,17
V-009,2025-02-01,FOH,16,17
V-009,2025-02-01,Management,5,6
V-009,2025-02-01,Admin,4,5
V-009,2025-02-01,Events,7,7
V-009,2025-03-01,Kitchen,13,15
V-009,2025-03-01,FOH,19,19
V-009,2025-03-01,Management,5,6
V-009,2025-03-01,Admin,6,6
V-009,2025-03-01,Events,6,6
V-009,2025-04-01,Kitchen,15,15
V-009,2025-04-01,FOH,16,17
V-009,2025-04-01,Management,8,8
V-009,2025-04-01,Admin,7,7
V-009,2025-04-01,Events,4,6
V-009,2025-05-01,Kitchen,14,15
V-009,2025-05-01,FOH,17,17
V-009,2025-05-01,Management,4,6
V-009,2025-05-01,Admin,7,7
V-009,2025-05-01,Events,4,6
V-009,2025-06-01,Kitchen,15,15
V-009,2025-06-01,FOH,19,19
V-009,2025-06-01,Management,7,7
V-009,2025-06-01,Admin,6,6
V-009,2025-06-01,Events,5,6
V-009,2025-07-01,Kitchen,13,15
V-009,2025-07-01,FOH,19,19
V-009,2025-07-01,Management,5,6
V-009,2025-07-01,Admin,3,5
V-009,2025-07-01,Events,6,6
V-009,2025-08-01,Kitchen,17,17
V-009,2025-08-01,FOH,15,17
V-009,2025-08-01,Management,8,8
V-009,2025-08-01,Admin,3,5
V-009,2025-08-01,Events,6,6
V-009,2025-09-01,Kitchen,17,17
V-009,2025-09-01,FOH,18,18
V-009,2025-09-01,Management,6,6
V-009,2025-09-01,Admin,3,5
V-009,2025-09-01,Events,8,8
V-009,2025-10-01,Kitchen,15,15
V-009,2025-10-01,FOH,15,17
V-009,2025-10-01,Management,7,7
V-009,2025-10-01,Admin,6,6
V-009,2025-10-01,Events,4,6
V-009,2025-11-01,Kitchen,16,16
V-009,2025-11-01,FOH,17,17
V-009,2025-11-01,Management,7,7
V-009,2025-11-01,Admin,4,5
V-009,2025-11-01,Events,7,7
V-009,2025-12-01,Kitchen,14,15
V-009,2025-12-01,FOH,19,19
V-009,2025-12-01,Management,6,6
V-009,2025-12-01,Admin,7,7
V-009,2025-12-01,Events,8,8
V-009,2026-01-01,Kitchen,16,16
V-009,2026-01-01,FOH,18,18
V-009,2026-01-01,Management,7,7
V-009,2026-01-01,Admin,7,7
V-009,2026-01-01,Events,6,6
V-009,2026-02-01,Kitchen,15,15
V-009,2026-02-01,FOH,16,17
V-009,2026-02-01,Management,4,6
V-009,2026-02-01,Admin,5,5
V-009,2026-02-01,Events,7,7
V-009,2026-03-01,Kitchen,14,15
V-009,2026-03-01,FOH,18,18
V-009,2026-03-01,Management,8,8
V-009,2026-03-01,Admin,7,7
V-009,2026-03-01,Events,7,7
V-009,2026-04-01,Kitchen,15,15
V-009,2026-04-01,FOH,15,17
V-009,2026-04-01,Management,7,7
V-009,2026-04-01,Admin,5,5
V-009,2026-04-01,Events,5,6
V-009,2026-05-01,Kitchen,16,16
V-009,2026-05-01,FOH,16,17
V-009,2026-05-01,Management,6,6
V-009,2026-05-01,Admin,5,5
V-009,2026-05-01,Events,6,6
V-010,2024-11-01,Kitchen,21,22
V-010,2024-11-01,FOH,27,27
V-010,2024-11-01,Management,8,8
V-010,2024-11-01,Admin,9,9
V-010,2024-11-01,Events,7,9
V-010,2024-12-01,Kitchen,23,23
V-010,2024-12-01,FOH,24,26
V-010,2024-12-01,Management,6,8
V-010,2024-12-01,Admin,6,7
V-010,2024-12-01,Events,10,10
V-010,2025-01-01,Kitchen,22,22
V-010,2025-01-01,FOH,27,27
V-010,2025-01-01,Management,7,8
V-010,2025-01-01,Admin,8,8
V-010,2025-01-01,Events,10,10
V-010,2025-02-01,Kitchen,22,22
V-010,2025-02-01,FOH,23,26
V-010,2025-02-01,Management,6,8
V-010,2025-02-01,Admin,7,7
V-010,2025-02-01,Events,8,9
V-010,2025-03-01,Kitchen,22,22
V-010,2025-03-01,FOH,24,26
V-010,2025-03-01,Management,8,8
V-010,2025-03-01,Admin,9,9
V-010,2025-03-01,Events,9,9
V-010,2025-04-01,Kitchen,22,22
V-010,2025-04-01,FOH,27,27
V-010,2025-04-01,Management,10,10
V-010,2025-04-01,Admin,7,7
V-010,2025-04-01,Events,10,10
V-010,2025-05-01,Kitchen,23,23
V-010,2025-05-01,FOH,25,26
V-010,2025-05-01,Management,8,8
V-010,2025-05-01,Admin,8,8
V-010,2025-05-01,Events,9,9
V-010,2025-06-01,Kitchen,21,22
V-010,2025-06-01,FOH,25,26
V-010,2025-06-01,Management,7,8
V-010,2025-06-01,Admin,5,7
V-010,2025-06-01,Events,8,9
V-010,2025-07-01,Kitchen,21,22
V-010,2025-07-01,FOH,23,26
V-010,2025-07-01,Management,10,10
V-010,2025-07-01,Admin,6,7
V-010,2025-07-01,Events,8,9
V-010,2025-08-01,Kitchen,20,22
V-010,2025-08-01,FOH,26,26
V-010,2025-08-01,Management,8,8
V-010,2025-08-01,Admin,9,9
V-010,2025-08-01,Events,11,11
V-010,2025-09-01,Kitchen,23,23
V-010,2025-09-01,FOH,25,26
V-010,2025-09-01,Management,6,8
V-010,2025-09-01,Admin,6,7
V-010,2025-09-01,Events,9,9
V-010,2025-10-01,Kitchen,20,22
V-010,2025-10-01,FOH,25,26
V-010,2025-10-01,Management,7,8
V-010,2025-10-01,Admin,7,7
V-010,2025-10-01,Events,7,9
V-010,2025-11-01,Kitchen,23,23
V-010,2025-11-01,FOH,24,26
V-010,2025-11-01,Management,8,8
V-010,2025-11-01,Admin,5,7
V-010,2025-11-01,Events,7,9
V-010,2025-12-01,Kitchen,23,23
V-010,2025-12-01,FOH,25,26
V-010,2025-12-01,Management,7,8
V-010,2025-12-01,Admin,8,8
V-010,2025-12-01,Events,7,9
V-010,2026-01-01,Kitchen,19,22
V-010,2026-01-01,FOH,27,27
V-010,2026-01-01,Management,8,8
V-010,2026-01-01,Admin,8,8
V-010,2026-01-01,Events,10,10
V-010,2026-02-01,Kitchen,22,22
V-010,2026-02-01,FOH,25,26
V-010,2026-02-01,Management,7,8
V-010,2026-02-01,Admin,5,7
V-010,2026-02-01,Events,9,9
V-010,2026-03-01,Kitchen,22,22
V-010,2026-03-01,FOH,23,26
V-010,2026-03-01,Management,6,8
V-010,2026-03-01,Admin,8,8
V-010,2026-03-01,Events,10,10
V-010,2026-04-01,Kitchen,19,22
V-010,2026-04-01,FOH,27,27
V-010,2026-04-01,Management,6,8
V-010,2026-04-01,Admin,6,7
V-010,2026-04-01,Events,8,9
V-010,2026-05-01,Kitchen,23,23
V-010,2026-05-01,FOH,25,26
V-010,2026-05-01,Management,6,8
V-010,2026-05-01,Admin,6,7
V-010,2026-05-01,Events,7,9
V-011,2024-11-01,Kitchen,20,20
V-011,2024-11-01,FOH,22,22
V-011,2024-11-01,Management,9,9
V-011,2024-11-01,Admin,8,8
V-011,2024-11-01,Events,9,9
V-011,2024-12-01,Kitchen,17,18
V-011,2024-12-01,FOH,23,23
V-011,2024-12-01,Management,8,8
V-011,2024-12-01,Admin,7,7
V-011,2024-12-01,Events,8,8
V-011,2025-01-01,Kitchen,18,18
V-011,2025-01-01,FOH,23,23
V-011,2025-01-01,Management,8,8
V-011,2025-01-01,Admin,6,6
V-011,2025-01-01,Events,9,9
V-011,2025-02-01,Kitchen,20,20
V-011,2025-02-01,FOH,19,22
V-011,2025-02-01,Management,9,9
V-011,2025-02-01,Admin,4,6
V-011,2025-02-01,Events,6,7
V-011,2025-03-01,Kitchen,17,18
V-011,2025-03-01,FOH,21,22
V-011,2025-03-01,Management,5,7
V-011,2025-03-01,Admin,5,6
V-011,2025-03-01,Events,6,7
V-011,2025-04-01,Kitchen,17,18
V-011,2025-04-01,FOH,23,23
V-011,2025-04-01,Management,5,7
V-011,2025-04-01,Admin,5,6
V-011,2025-04-01,Events,5,7
V-011,2025-05-01,Kitchen,19,19
V-011,2025-05-01,FOH,22,22
V-011,2025-05-01,Management,9,9
V-011,2025-05-01,Admin,7,7
V-011,2025-05-01,Events,7,7
V-011,2025-06-01,Kitchen,16,18
V-011,2025-06-01,FOH,20,22
V-011,2025-06-01,Management,7,7
V-011,2025-06-01,Admin,6,6
V-011,2025-06-01,Events,8,8
V-011,2025-07-01,Kitchen,16,18
V-011,2025-07-01,FOH,20,22
V-011,2025-07-01,Management,7,7
V-011,2025-07-01,Admin,8,8
V-011,2025-07-01,Events,6,7
V-011,2025-08-01,Kitchen,19,19
V-011,2025-08-01,FOH,19,22
V-011,2025-08-01,Management,9,9
V-011,2025-08-01,Admin,5,6
V-011,2025-08-01,Events,6,7
V-011,2025-09-01,Kitchen,18,18
V-011,2025-09-01,FOH,20,22
V-011,2025-09-01,Management,5,7
V-011,2025-09-01,Admin,4,6
V-011,2025-09-01,Events,6,7
V-011,2025-10-01,Kitchen,18,18
V-011,2025-10-01,FOH,23,23
V-011,2025-10-01,Management,9,9
V-011,2025-10-01,Admin,6,6
V-011,2025-10-01,Events,8,8
V-011,2025-11-01,Kitchen,16,18
V-011,2025-11-01,FOH,22,22
V-011,2025-11-01,Management,7,7
V-011,2025-11-01,Admin,7,7
V-011,2025-11-01,Events,7,7
V-011,2025-12-01,Kitchen,20,20
V-011,2025-12-01,FOH,23,23
V-011,2025-12-01,Management,8,8
V-011,2025-12-01,Admin,7,7
V-011,2025-12-01,Events,5,7
V-011,2026-01-01,Kitchen,20,20
V-011,2026-01-01,FOH,19,22
V-011,2026-01-01,Management,8,8
V-011,2026-01-01,Admin,6,6
V-011,2026-01-01,Events,9,9
V-011,2026-02-01,Kitchen,18,18
V-011,2026-02-01,FOH,19,22
V-011,2026-02-01,Management,5,7
V-011,2026-02-01,Admin,5,6
V-011,2026-02-01,Events,9,9
V-011,2026-03-01,Kitchen,20,20
V-011,2026-03-01,FOH,19,22
V-011,2026-03-01,Management,7,7
V-011,2026-03-01,Admin,8,8
V-011,2026-03-01,Events,5,7
V-011,2026-04-01,Kitchen,17,18
V-011,2026-04-01,FOH,22,22
V-011,2026-04-01,Management,9,9
V-011,2026-04-01,Admin,7,7
V-011,2026-04-01,Events,7,7
V-011,2026-05-01,Kitchen,17,18
V-011,2026-05-01,FOH,23,23
V-011,2026-05-01,Management,8,8
V-011,2026-05-01,Admin,7,7
V-011,2026-05-01,Events,5,7
V-012,2024-11-01,Kitchen,13,13
V-012,2024-11-01,FOH,14,14
V-012,2024-11-01,Management,6,6
V-012,2024-11-01,Admin,4,4
V-012,2024-11-01,Events,5,5
V-012,2024-12-01,Kitchen,10,12
V-012,2024-12-01,FOH,13,14
V-012,2024-12-01,Management,5,5
V-012,2024-12-01,Admin,5,5
V-012,2024-12-01,Events,6,6
V-012,2025-01-01,Kitchen,12,12
V-012,2025-01-01,FOH,15,15
V-012,2025-01-01,Management,7,7
V-012,2025-01-01,Admin,2,4
V-012,2025-01-01,Events,6,6
V-012,2025-02-01,Kitchen,10,12
V-012,2025-02-01,FOH,14,14
V-012,2025-02-01,Management,5,5
V-012,2025-02-01,Admin,4,4
V-012,2025-02-01,Events,3,5
V-012,2025-03-01,Kitchen,13,13
V-012,2025-03-01,FOH,16,16
V-012,2025-03-01,Management,3,5
V-012,2025-03-01,Admin,6,6
V-012,2025-03-01,Events,6,6
V-012,2025-04-01,Kitchen,13,13
V-012,2025-04-01,FOH,12,14
V-012,2025-04-01,Management,4,5
V-012,2025-04-01,Admin,6,6
V-012,2025-04-01,Events,5,5
V-012,2025-05-01,Kitchen,14,14
V-012,2025-05-01,FOH,15,15
V-012,2025-05-01,Management,6,6
V-012,2025-05-01,Admin,2,4
V-012,2025-05-01,Events,4,5
V-012,2025-06-01,Kitchen,12,12
V-012,2025-06-01,FOH,16,16
V-012,2025-06-01,Management,4,5
V-012,2025-06-01,Admin,4,4
V-012,2025-06-01,Events,6,6
V-012,2025-07-01,Kitchen,13,13
V-012,2025-07-01,FOH,12,14
V-012,2025-07-01,Management,3,5
V-012,2025-07-01,Admin,6,6
V-012,2025-07-01,Events,4,5
V-012,2025-08-01,Kitchen,11,12
V-012,2025-08-01,FOH,14,14
V-012,2025-08-01,Management,7,7
V-012,2025-08-01,Admin,2,4
V-012,2025-08-01,Events,7,7
V-012,2025-09-01,Kitchen,13,13
V-012,2025-09-01,FOH,12,14
V-012,2025-09-01,Management,4,5
V-012,2025-09-01,Admin,2,4
V-012,2025-09-01,Events,6,6
V-012,2025-10-01,Kitchen,10,12
V-012,2025-10-01,FOH,13,14
V-012,2025-10-01,Management,6,6
V-012,2025-10-01,Admin,4,4
V-012,2025-10-01,Events,7,7
V-012,2025-11-01,Kitchen,12,12
V-012,2025-11-01,FOH,15,15
V-012,2025-11-01,Management,6,6
V-012,2025-11-01,Admin,5,5
V-012,2025-11-01,Events,4,5
V-012,2025-12-01,Kitchen,13,13
V-012,2025-12-01,FOH,16,16
V-012,2025-12-01,Management,4,5
V-012,2025-12-01,Admin,5,5
V-012,2025-12-01,Events,4,5
V-012,2026-01-01,Kitchen,14,14
V-012,2026-01-01,FOH,16,16
V-012,2026-01-01,Management,4,5
V-012,2026-01-01,Admin,2,4
V-012,2026-01-01,Events,5,5
V-012,2026-02-01,Kitchen,13,13
V-012,2026-02-01,FOH,14,14
V-012,2026-02-01,Management,7,7
V-012,2026-02-01,Admin,4,4
V-012,2026-02-01,Events,3,5
V-012,2026-03-01,Kitchen,12,12
V-012,2026-03-01,FOH,14,14
V-012,2026-03-01,Management,7,7
V-012,2026-03-01,Admin,6,6
V-012,2026-03-01,Events,6,6
V-012,2026-04-01,Kitchen,11,12
V-012,2026-04-01,FOH,15,15
V-012,2026-04-01,Management,7,7
V-012,2026-04-01,Admin,5,5
V-012,2026-04-01,Events,5,5
V-012,2026-05-01,Kitchen,12,12
V-012,2026-05-01,FOH,16,16
V-012,2026-05-01,Management,7,7
V-012,2026-05-01,Admin,5,5
V-012,2026-05-01,Events,6,6
V-013,2024-11-01,Kitchen,11,11
V-013,2024-11-01,FOH,12,13
V-013,2024-11-01,Management,3,4
V-013,2024-11-01,Admin,5,5
V-013,2024-11-01,Events,6,6
V-013,2024-12-01,Kitchen,10,11
V-013,2024-12-01,FOH,14,14
V-013,2024-12-01,Management,2,4
V-013,2024-12-01,Admin,3,3
V-013,2024-12-01,Events,6,6
V-013,2025-01-01,Kitchen,12,12
V-013,2025-01-01,FOH,14,14
V-013,2025-01-01,Management,3,4
V-013,2025-01-01,Admin,4,4
V-013,2025-01-01,Events,3,5
V-013,2025-02-01,Kitchen,10,11
V-013,2025-02-01,FOH,15,15
V-013,2025-02-01,Management,6,6
V-013,2025-02-01,Admin,3,3
V-013,2025-02-01,Events,3,5
V-013,2025-03-01,Kitchen,12,12
V-013,2025-03-01,FOH,11,13
V-013,2025-03-01,Management,6,6
V-013,2025-03-01,Admin,4,4
V-013,2025-03-01,Events,3,5
V-013,2025-04-01,Kitchen,10,11
V-013,2025-04-01,FOH,14,14
V-013,2025-04-01,Management,3,4
V-013,2025-04-01,Admin,1,3
V-013,2025-04-01,Events,6,6
V-013,2025-05-01,Kitchen,11,11
V-013,2025-05-01,FOH,13,13
V-013,2025-05-01,Management,6,6
V-013,2025-05-01,Admin,4,4
V-013,2025-05-01,Events,3,5
V-013,2025-06-01,Kitchen,11,11
V-013,2025-06-01,FOH,15,15
V-013,2025-06-01,Management,5,5
V-013,2025-06-01,Admin,3,3
V-013,2025-06-01,Events,6,6
V-013,2025-07-01,Kitchen,13,13
V-013,2025-07-01,FOH,11,13
V-013,2025-07-01,Management,6,6
V-013,2025-07-01,Admin,1,3
V-013,2025-07-01,Events,4,5
V-013,2025-08-01,Kitchen,11,11
V-013,2025-08-01,FOH,12,13
V-013,2025-08-01,Management,2,4
V-013,2025-08-01,Admin,4,4
V-013,2025-08-01,Events,3,5
V-013,2025-09-01,Kitchen,9,11
V-013,2025-09-01,FOH,14,14
V-013,2025-09-01,Management,3,4
V-013,2025-09-01,Admin,3,3
V-013,2025-09-01,Events,3,5
V-013,2025-10-01,Kitchen,9,11
V-013,2025-10-01,FOH,13,13
V-013,2025-10-01,Management,2,4
V-013,2025-10-01,Admin,3,3
V-013,2025-10-01,Events,5,5
V-013,2025-11-01,Kitchen,11,11
V-013,2025-11-01,FOH,14,14
V-013,2025-11-01,Management,3,4
V-013,2025-11-01,Admin,2,3
V-013,2025-11-01,Events,7,7
V-013,2025-12-01,Kitchen,12,12
V-013,2025-12-01,FOH,15,15
V-013,2025-12-01,Management,3,4
V-013,2025-12-01,Admin,2,3
V-013,2025-12-01,Events,4,5
V-013,2026-01-01,Kitchen,9,11
V-013,2026-01-01,FOH,15,15
V-013,2026-01-01,Management,5,5
V-013,2026-01-01,Admin,5,5
V-013,2026-01-01,Events,4,5
V-013,2026-02-01,Kitchen,12,12
V-013,2026-02-01,FOH,15,15
V-013,2026-02-01,Management,3,4
V-013,2026-02-01,Admin,2,3
V-013,2026-02-01,Events,6,6
V-013,2026-03-01,Kitchen,11,11
V-013,2026-03-01,FOH,14,14
V-013,2026-03-01,Management,4,4
V-013,2026-03-01,Admin,1,3
V-013,2026-03-01,Events,6,6
V-013,2026-04-01,Kitchen,11,11
V-013,2026-04-01,FOH,15,15
V-013,2026-04-01,Management,3,4
V-013,2026-04-01,Admin,1,3
V-013,2026-04-01,Events,6,6
V-013,2026-05-01,Kitchen,11,11
V-013,2026-05-01,FOH,15,15
V-013,2026-05-01,Management,4,4
V-013,2026-05-01,Admin,4,4
V-013,2026-05-01,Events,5,5
V-014,2024-11-01,Kitchen,24,24
V-014,2024-11-01,FOH,27,28
V-014,2024-11-01,Management,8,9
V-014,2024-11-01,Admin,8,8
V-014,2024-11-01,Events,11,11
V-014,2024-12-01,Kitchen,21,24
V-014,2024-12-01,FOH,26,28
V-014,2024-12-01,Management,10,10
V-014,2024-12-01,Admin,9,9
V-014,2024-12-01,Events,10,10
V-014,2025-01-01,Kitchen,25,25
V-014,2025-01-01,FOH,27,28
V-014,2025-01-01,Management,9,9
V-014,2025-01-01,Admin,5,7
V-014,2025-01-01,Events,11,11
V-014,2025-02-01,Kitchen,23,24
V-014,2025-02-01,FOH,25,28
V-014,2025-02-01,Management,11,11
V-014,2025-02-01,Admin,5,7
V-014,2025-02-01,Events,12,12
V-014,2025-03-01,Kitchen,24,24
V-014,2025-03-01,FOH,27,28
V-014,2025-03-01,Management,8,9
V-014,2025-03-01,Admin,9,9
V-014,2025-03-01,Events,10,10
V-014,2025-04-01,Kitchen,22,24
V-014,2025-04-01,FOH,26,28
V-014,2025-04-01,Management,11,11
V-014,2025-04-01,Admin,7,7
V-014,2025-04-01,Events,9,10
V-014,2025-05-01,Kitchen,21,24
V-014,2025-05-01,FOH,25,28
V-014,2025-05-01,Management,9,9
V-014,2025-05-01,Admin,8,8
V-014,2025-05-01,Events,8,10
V-014,2025-06-01,Kitchen,25,25
V-014,2025-06-01,FOH,27,28
V-014,2025-06-01,Management,8,9
V-014,2025-06-01,Admin,5,7
V-014,2025-06-01,Events,10,10
V-014,2025-07-01,Kitchen,23,24
V-014,2025-07-01,FOH,28,28
V-014,2025-07-01,Management,8,9
V-014,2025-07-01,Admin,6,7
V-014,2025-07-01,Events,9,10
V-014,2025-08-01,Kitchen,25,25
V-014,2025-08-01,FOH,27,28
V-014,2025-08-01,Management,11,11
V-014,2025-08-01,Admin,9,9
V-014,2025-08-01,Events,10,10
V-014,2025-09-01,Kitchen,22,24
V-014,2025-09-01,FOH,27,28
V-014,2025-09-01,Management,10,10
V-014,2025-09-01,Admin,7,7
V-014,2025-09-01,Events,10,10
V-014,2025-10-01,Kitchen,21,24
V-014,2025-10-01,FOH,28,28
V-014,2025-10-01,Management,7,9
V-014,2025-10-01,Admin,6,7
V-014,2025-10-01,Events,9,10
V-014,2025-11-01,Kitchen,24,24
V-014,2025-11-01,FOH,29,29
V-014,2025-11-01,Management,9,9
V-014,2025-11-01,Admin,5,7
V-014,2025-11-01,Events,11,11
V-014,2025-12-01,Kitchen,21,24
V-014,2025-12-01,FOH,27,28
V-014,2025-12-01,Management,11,11
V-014,2025-12-01,Admin,5,7
V-014,2025-12-01,Events,11,11
V-014,2026-01-01,Kitchen,23,24
V-014,2026-01-01,FOH,27,28
V-014,2026-01-01,Management,11,11
V-014,2026-01-01,Admin,8,8
V-014,2026-01-01,Events,10,10
V-014,2026-02-01,Kitchen,21,24
V-014,2026-02-01,FOH,26,28
V-014,2026-02-01,Management,10,10
V-014,2026-02-01,Admin,5,7
V-014,2026-02-01,Events,12,12
V-014,2026-03-01,Kitchen,25,25
V-014,2026-03-01,FOH,27,28
V-014,2026-03-01,Management,11,11
V-014,2026-03-01,Admin,6,7
V-014,2026-03-01,Events,8,10
V-014,2026-04-01,Kitchen,24,24
V-014,2026-04-01,FOH,27,28
V-014,2026-04-01,Management,10,10
V-014,2026-04-01,Admin,5,7
V-014,2026-04-01,Events,9,10
V-014,2026-05-01,Kitchen,21,24
V-014,2026-05-01,FOH,25,28
V-014,2026-05-01,Management,9,9
V-014,2026-05-01,Admin,8,8
V-014,2026-05-01,Events,8,10
V-015,2024-11-01,Kitchen,23,26
V-015,2024-11-01,FOH,28,30
V-015,2024-11-01,Management,12,12
V-015,2024-11-01,Admin,7,8
V-015,2024-11-01,Events,11,11
V-015,2024-12-01,Kitchen,26,26
V-015,2024-12-01,FOH,29,30
V-015,2024-12-01,Management,12,12
V-015,2024-12-01,Admin,9,9
V-015,2024-12-01,Events,12,12
V-015,2025-01-01,Kitchen,24,26
V-015,2025-01-01,FOH,30,30
V-015,2025-01-01,Management,8,10
V-015,2025-01-01,Admin,9,9
V-015,2025-01-01,Events,12,12
V-015,2025-02-01,Kitchen,26,26
V-015,2025-02-01,FOH,29,30
V-015,2025-02-01,Management,8,10
V-015,2025-02-01,Admin,8,8
V-015,2025-02-01,Events,9,10
V-015,2025-03-01,Kitchen,26,26
V-015,2025-03-01,FOH,30,30
V-015,2025-03-01,Management,9,10
V-015,2025-03-01,Admin,8,8
V-015,2025-03-01,Events,8,10
V-015,2025-04-01,Kitchen,25,26
V-015,2025-04-01,FOH,31,31
V-015,2025-04-01,Management,10,10
V-015,2025-04-01,Admin,6,8
V-015,2025-04-01,Events,11,11
V-015,2025-05-01,Kitchen,25,26
V-015,2025-05-01,FOH,28,30
V-015,2025-05-01,Management,8,10
V-015,2025-05-01,Admin,9,9
V-015,2025-05-01,Events,8,10
V-015,2025-06-01,Kitchen,24,26
V-015,2025-06-01,FOH,31,31
V-015,2025-06-01,Management,8,10
V-015,2025-06-01,Admin,6,8
V-015,2025-06-01,Events,10,10
V-015,2025-07-01,Kitchen,24,26
V-015,2025-07-01,FOH,28,30
V-015,2025-07-01,Management,12,12
V-015,2025-07-01,Admin,7,8
V-015,2025-07-01,Events,8,10
V-015,2025-08-01,Kitchen,27,27
V-015,2025-08-01,FOH,28,30
V-015,2025-08-01,Management,12,12
V-015,2025-08-01,Admin,7,8
V-015,2025-08-01,Events,9,10
V-015,2025-09-01,Kitchen,25,26
V-015,2025-09-01,FOH,28,30
V-015,2025-09-01,Management,12,12
V-015,2025-09-01,Admin,6,8
V-015,2025-09-01,Events,10,10
V-015,2025-10-01,Kitchen,24,26
V-015,2025-10-01,FOH,28,30
V-015,2025-10-01,Management,12,12
V-015,2025-10-01,Admin,8,8
V-015,2025-10-01,Events,9,10
V-015,2025-11-01,Kitchen,23,26
V-015,2025-11-01,FOH,27,30
V-015,2025-11-01,Management,9,10
V-015,2025-11-01,Admin,6,8
V-015,2025-11-01,Events,10,10
V-015,2025-12-01,Kitchen,24,26
V-015,2025-12-01,FOH,31,31
V-015,2025-12-01,Management,10,10
V-015,2025-12-01,Admin,6,8
V-015,2025-12-01,Events,9,10
V-015,2026-01-01,Kitchen,25,26
V-015,2026-01-01,FOH,27,30
V-015,2026-01-01,Management,9,10
V-015,2026-01-01,Admin,9,9
V-015,2026-01-01,Events,12,12
V-015,2026-02-01,Kitchen,23,26
V-015,2026-02-01,FOH,27,30
V-015,2026-02-01,Management,11,11
V-015,2026-02-01,Admin,9,9
V-015,2026-02-01,Events,10,10
V-015,2026-03-01,Kitchen,27,27
V-015,2026-03-01,FOH,31,31
V-015,2026-03-01,Management,8,10
V-015,2026-03-01,Admin,9,9
V-015,2026-03-01,Events,12,12
V-015,2026-04-01,Kitchen,24,26
V-015,2026-04-01,FOH,31,31
V-015,2026-04-01,Management,8,10
V-015,2026-04-01,Admin,10,10
V-015,2026-04-01,Events,10,10
V-015,2026-05-01,Kitchen,26,26
V-015,2026-05-01,FOH,27,30
V-015,2026-05-01,Management,8,10
V-015,2026-05-01,Admin,9,9
V-015,2026-05-01,Events,11,11
V-016,2024-11-01,Kitchen,40,40
V-016,2024-11-01,FOH,44,48
V-016,2024-11-01,Management,16,16
V-016,2024-11-01,Admin,14,14
V-016,2024-11-01,Events,15,17
V-016,2024-12-01,Kitchen,37,40
V-016,2024-12-01,FOH,46,48
V-016,2024-12-01,Management,17,17
V-016,2024-12-01,Admin,12,13
V-016,2024-12-01,Events,15,17
V-016,2025-01-01,Kitchen,38,40
V-016,2025-01-01,FOH,46,48
V-016,2025-01-01,Management,17,17
V-016,2025-01-01,Admin,15,15
V-016,2025-01-01,Events,19,19
V-016,2025-02-01,Kitchen,39,40
V-016,2025-02-01,FOH,47,48
V-016,2025-02-01,Management,17,17
V-016,2025-02-01,Admin,15,15
V-016,2025-02-01,Events,17,17
V-016,2025-03-01,Kitchen,40,40
V-016,2025-03-01,FOH,48,48
V-016,2025-03-01,Management,17,17
V-016,2025-03-01,Admin,14,14
V-016,2025-03-01,Events,15,17
V-016,2025-04-01,Kitchen,37,40
V-016,2025-04-01,FOH,48,48
V-016,2025-04-01,Management,14,15
V-016,2025-04-01,Admin,14,14
V-016,2025-04-01,Events,18,18
V-016,2025-05-01,Kitchen,38,40
V-016,2025-05-01,FOH,47,48
V-016,2025-05-01,Management,15,15
V-016,2025-05-01,Admin,14,14
V-016,2025-05-01,Events,18,18
V-016,2025-06-01,Kitchen,40,40
V-016,2025-06-01,FOH,44,48
V-016,2025-06-01,Management,15,15
V-016,2025-06-01,Admin,14,14
V-016,2025-06-01,Events,17,17
V-016,2025-07-01,Kitchen,39,40
V-016,2025-07-01,FOH,46,48
V-016,2025-07-01,Management,14,15
V-016,2025-07-01,Admin,14,14
V-016,2025-07-01,Events,15,17
V-016,2025-08-01,Kitchen,37,40
V-016,2025-08-01,FOH,44,48
V-016,2025-08-01,Management,13,15
V-016,2025-08-01,Admin,14,14
V-016,2025-08-01,Events,15,17
V-016,2025-09-01,Kitchen,39,40
V-016,2025-09-01,FOH,45,48
V-016,2025-09-01,Management,17,17
V-016,2025-09-01,Admin,11,13
V-016,2025-09-01,Events,19,19
V-016,2025-10-01,Kitchen,41,41
V-016,2025-10-01,FOH,48,48
V-016,2025-10-01,Management,15,15
V-016,2025-10-01,Admin,11,13
V-016,2025-10-01,Events,18,18
V-016,2025-11-01,Kitchen,39,40
V-016,2025-11-01,FOH,47,48
V-016,2025-11-01,Management,13,15
V-016,2025-11-01,Admin,13,13
V-016,2025-11-01,Events,19,19
V-016,2025-12-01,Kitchen,39,40
V-016,2025-12-01,FOH,46,48
V-016,2025-12-01,Management,13,15
V-016,2025-12-01,Admin,15,15
V-016,2025-12-01,Events,19,19
V-016,2026-01-01,Kitchen,38,40
V-016,2026-01-01,FOH,45,48
V-016,2026-01-01,Management,16,16
V-016,2026-01-01,Admin,12,13
V-016,2026-01-01,Events,15,17
V-016,2026-02-01,Kitchen,39,40
V-016,2026-02-01,FOH,48,48
V-016,2026-02-01,Management,15,15
V-016,2026-02-01,Admin,11,13
V-016,2026-02-01,Events,17,17
V-016,2026-03-01,Kitchen,41,41
V-016,2026-03-01,FOH,45,48
V-016,2026-03-01,Management,16,16
V-016,2026-03-01,Admin,15,15
V-016,2026-03-01,Events,19,19
V-016,2026-04-01,Kitchen,41,41
V-016,2026-04-01,FOH,48,48
V-016,2026-04-01,Management,13,15
V-016,2026-04-01,Admin,15,15
V-016,2026-04-01,Events,17,17
V-016,2026-05-01,Kitchen,37,40
V-016,2026-05-01,FOH,45,48
V-016,2026-05-01,Management,15,15
V-016,2026-05-01,Admin,13,13
V-016,2026-05-01,Events,17,17
V-017,2024-11-01,Kitchen,32,33
V-017,2024-11-01,FOH,35,38
V-017,2024-11-01,Management,11,12
V-017,2024-11-01,Admin,9,10
V-017,2024-11-01,Events,16,16
V-017,2024-12-01,Kitchen,33,33
V-017,2024-12-01,FOH,35,38
V-017,2024-12-01,Management,11,12
V-017,2024-12-01,Admin,8,10
V-017,2024-12-01,Events,12,14
V-017,2025-01-01,Kitchen,34,34
V-017,2025-01-01,FOH,36,38
V-017,2025-01-01,Management,13,13
V-017,2025-01-01,Admin,11,11
V-017,2025-01-01,Events,15,15
V-017,2025-02-01,Kitchen,32,33
V-017,2025-02-01,FOH,36,38
V-017,2025-02-01,Management,12,12
V-017,2025-02-01,Admin,10,10
V-017,2025-02-01,Events,14,14
V-017,2025-03-01,Kitchen,34,34
V-017,2025-03-01,FOH,39,39
V-017,2025-03-01,Management,10,12
V-017,2025-03-01,Admin,8,10
V-017,2025-03-01,Events,13,14
V-017,2025-04-01,Kitchen,31,33
V-017,2025-04-01,FOH,39,39
V-017,2025-04-01,Management,10,12
V-017,2025-04-01,Admin,8,10
V-017,2025-04-01,Events,14,14
V-017,2025-05-01,Kitchen,33,33
V-017,2025-05-01,FOH,38,38
V-017,2025-05-01,Management,13,13
V-017,2025-05-01,Admin,12,12
V-017,2025-05-01,Events,15,15
V-017,2025-06-01,Kitchen,33,33
V-017,2025-06-01,FOH,37,38
V-017,2025-06-01,Management,11,12
V-017,2025-06-01,Admin,12,12
V-017,2025-06-01,Events,12,14
V-017,2025-07-01,Kitchen,32,33
V-017,2025-07-01,FOH,38,38
V-017,2025-07-01,Management,10,12
V-017,2025-07-01,Admin,10,10
V-017,2025-07-01,Events,16,16
V-017,2025-08-01,Kitchen,33,33
V-017,2025-08-01,FOH,39,39
V-017,2025-08-01,Management,12,12
V-017,2025-08-01,Admin,8,10
V-017,2025-08-01,Events,13,14
V-017,2025-09-01,Kitchen,33,33
V-017,2025-09-01,FOH,39,39
V-017,2025-09-01,Management,10,12
V-017,2025-09-01,Admin,8,10
V-017,2025-09-01,Events,13,14
V-017,2025-10-01,Kitchen,32,33
V-017,2025-10-01,FOH,36,38
V-017,2025-10-01,Management,11,12
V-017,2025-10-01,Admin,10,10
V-017,2025-10-01,Events,14,14
V-017,2025-11-01,Kitchen,32,33
V-017,2025-11-01,FOH,35,38
V-017,2025-11-01,Management,10,12
V-017,2025-11-01,Admin,11,11
V-017,2025-11-01,Events,15,15
V-017,2025-12-01,Kitchen,31,33
V-017,2025-12-01,FOH,36,38
V-017,2025-12-01,Management,13,13
V-017,2025-12-01,Admin,12,12
V-017,2025-12-01,Events,13,14
V-017,2026-01-01,Kitchen,34,34
V-017,2026-01-01,FOH,39,39
V-017,2026-01-01,Management,12,12
V-017,2026-01-01,Admin,8,10
V-017,2026-01-01,Events,15,15
V-017,2026-02-01,Kitchen,30,33
V-017,2026-02-01,FOH,38,38
V-017,2026-02-01,Management,10,12
V-017,2026-02-01,Admin,11,11
V-017,2026-02-01,Events,12,14
V-017,2026-03-01,Kitchen,32,33
V-017,2026-03-01,FOH,39,39
V-017,2026-03-01,Management,13,13
V-017,2026-03-01,Admin,12,12
V-017,2026-03-01,Events,15,15
V-017,2026-04-01,Kitchen,33,33
V-017,2026-04-01,FOH,37,38
V-017,2026-04-01,Management,10,12
V-017,2026-04-01,Admin,11,11
V-017,2026-04-01,Events,12,14
V-017,2026-05-01,Kitchen,32,33
V-017,2026-05-01,FOH,36,38
V-017,2026-05-01,Management,14,14
V-017,2026-05-01,Admin,11,11
V-017,2026-05-01,Events,14,14
V-018,2024-11-01,Kitchen,26,29
V-018,2024-11-01,FOH,34,34
V-018,2024-11-01,Management,9,11
V-018,2024-11-01,Admin,8,9
V-018,2024-11-01,Events,13,13
V-018,2024-12-01,Kitchen,30,30
V-018,2024-12-01,FOH,34,34
V-018,2024-12-01,Management,13,13
V-018,2024-12-01,Admin,7,9
V-018,2024-12-01,Events,13,13
V-018,2025-01-01,Kitchen,28,29
V-018,2025-01-01,FOH,33,34
V-018,2025-01-01,Management,10,11
V-018,2025-01-01,Admin,9,9
V-018,2025-01-01,Events,11,12
V-018,2025-02-01,Kitchen,26,29
V-018,2025-02-01,FOH,35,35
V-018,2025-02-01,Management,9,11
V-018,2025-02-01,Admin,11,11
V-018,2025-02-01,Events,14,14
V-018,2025-03-01,Kitchen,27,29
V-018,2025-03-01,FOH,33,34
V-018,2025-03-01,Management,11,11
V-018,2025-03-01,Admin,8,9
V-018,2025-03-01,Events,11,12
V-018,2025-04-01,Kitchen,26,29
V-018,2025-04-01,FOH,32,34
V-018,2025-04-01,Management,11,11
V-018,2025-04-01,Admin,8,9
V-018,2025-04-01,Events,11,12
V-018,2025-05-01,Kitchen,30,30
V-018,2025-05-01,FOH,32,34
V-018,2025-05-01,Management,9,11
V-018,2025-05-01,Admin,8,9
V-018,2025-05-01,Events,13,13
V-018,2025-06-01,Kitchen,29,29
V-018,2025-06-01,FOH,35,35
V-018,2025-06-01,Management,13,13
V-018,2025-06-01,Admin,10,10
V-018,2025-06-01,Events,14,14
V-018,2025-07-01,Kitchen,30,30
V-018,2025-07-01,FOH,33,34
V-018,2025-07-01,Management,11,11
V-018,2025-07-01,Admin,8,9
V-018,2025-07-01,Events,13,13
V-018,2025-08-01,Kitchen,26,29
V-018,2025-08-01,FOH,34,34
V-018,2025-08-01,Management,12,12
V-018,2025-08-01,Admin,9,9
V-018,2025-08-01,Events,12,12
V-018,2025-09-01,Kitchen,30,30
V-018,2025-09-01,FOH,31,34
V-018,2025-09-01,Management,11,11
V-018,2025-09-01,Admin,11,11
V-018,2025-09-01,Events,10,12
V-018,2025-10-01,Kitchen,28,29
V-018,2025-10-01,FOH,34,34
V-018,2025-10-01,Management,12,12
V-018,2025-10-01,Admin,7,9
V-018,2025-10-01,Events,10,12
V-018,2025-11-01,Kitchen,28,29
V-018,2025-11-01,FOH,33,34
V-018,2025-11-01,Management,9,11
V-018,2025-11-01,Admin,7,9
V-018,2025-11-01,Events,14,14
V-018,2025-12-01,Kitchen,30,30
V-018,2025-12-01,FOH,35,35
V-018,2025-12-01,Management,12,12
V-018,2025-12-01,Admin,10,10
V-018,2025-12-01,Events,14,14
V-018,2026-01-01,Kitchen,30,30
V-018,2026-01-01,FOH,31,34
V-018,2026-01-01,Management,12,12
V-018,2026-01-01,Admin,11,11
V-018,2026-01-01,Events,11,12
V-018,2026-02-01,Kitchen,28,29
V-018,2026-02-01,FOH,35,35
V-018,2026-02-01,Management,12,12
V-018,2026-02-01,Admin,11,11
V-018,2026-02-01,Events,11,12
V-018,2026-03-01,Kitchen,26,29
V-018,2026-03-01,FOH,34,34
V-018,2026-03-01,Management,9,11
V-018,2026-03-01,Admin,9,9
V-018,2026-03-01,Events,10,12
V-018,2026-04-01,Kitchen,30,30
V-018,2026-04-01,FOH,32,34
V-018,2026-04-01,Management,9,11
V-018,2026-04-01,Admin,8,9
V-018,2026-04-01,Events,13,13
V-018,2026-05-01,Kitchen,29,29
V-018,2026-05-01,FOH,35,35
V-018,2026-05-01,Management,13,13
V-018,2026-05-01,Admin,11,11
V-018,2026-05-01,Events,11,12
V-019,2024-11-01,Kitchen,27,28
V-019,2024-11-01,FOH,31,32
V-019,2024-11-01,Management,10,10
V-019,2024-11-01,Admin,10,10
V-019,2024-11-01,Events,12,12
V-019,2024-12-01,Kitchen,27,28
V-019,2024-12-01,FOH,33,33
V-019,2024-12-01,Management,8,10
V-019,2024-12-01,Admin,9,9
V-019,2024-12-01,Events,9,11
V-019,2025-01-01,Kitchen,27,28
V-019,2025-01-01,FOH,29,32
V-019,2025-01-01,Management,12,12
V-019,2025-01-01,Admin,10,10
V-019,2025-01-01,Events,11,11
V-019,2025-02-01,Kitchen,27,28
V-019,2025-02-01,FOH,33,33
V-019,2025-02-01,Management,9,10
V-019,2025-02-01,Admin,9,9
V-019,2025-02-01,Events,9,11
V-019,2025-03-01,Kitchen,29,29
V-019,2025-03-01,FOH,30,32
V-019,2025-03-01,Management,10,10
V-019,2025-03-01,Admin,9,9
V-019,2025-03-01,Events,12,12
V-019,2025-04-01,Kitchen,26,28
V-019,2025-04-01,FOH,33,33
V-019,2025-04-01,Management,8,10
V-019,2025-04-01,Admin,9,9
V-019,2025-04-01,Events,13,13
V-019,2025-05-01,Kitchen,28,28
V-019,2025-05-01,FOH,31,32
V-019,2025-05-01,Management,9,10
V-019,2025-05-01,Admin,11,11
V-019,2025-05-01,Events,9,11
V-019,2025-06-01,Kitchen,28,28
V-019,2025-06-01,FOH,33,33
V-019,2025-06-01,Management,10,10
V-019,2025-06-01,Admin,7,9
V-019,2025-06-01,Events,11,11
V-019,2025-07-01,Kitchen,27,28
V-019,2025-07-01,FOH,30,32
V-019,2025-07-01,Management,9,10
V-019,2025-07-01,Admin,9,9
V-019,2025-07-01,Events,12,12
V-019,2025-08-01,Kitchen,26,28
V-019,2025-08-01,FOH,30,32
V-019,2025-08-01,Management,9,10
V-019,2025-08-01,Admin,8,9
V-019,2025-08-01,Events,9,11
V-019,2025-09-01,Kitchen,27,28
V-019,2025-09-01,FOH,29,32
V-019,2025-09-01,Management,12,12
V-019,2025-09-01,Admin,11,11
V-019,2025-09-01,Events,13,13
V-019,2025-10-01,Kitchen,25,28
V-019,2025-10-01,FOH,31,32
V-019,2025-10-01,Management,12,12
V-019,2025-10-01,Admin,8,9
V-019,2025-10-01,Events,13,13
V-019,2025-11-01,Kitchen,28,28
V-019,2025-11-01,FOH,30,32
V-019,2025-11-01,Management,9,10
V-019,2025-11-01,Admin,8,9
V-019,2025-11-01,Events,13,13
V-019,2025-12-01,Kitchen,26,28
V-019,2025-12-01,FOH,32,32
V-019,2025-12-01,Management,8,10
V-019,2025-12-01,Admin,10,10
V-019,2025-12-01,Events,11,11
V-019,2026-01-01,Kitchen,26,28
V-019,2026-01-01,FOH,32,32
V-019,2026-01-01,Management,12,12
V-019,2026-01-01,Admin,9,9
V-019,2026-01-01,Events,12,12
V-019,2026-02-01,Kitchen,26,28
V-019,2026-02-01,FOH,33,33
V-019,2026-02-01,Management,9,10
V-019,2026-02-01,Admin,9,9
V-019,2026-02-01,Events,12,12
V-019,2026-03-01,Kitchen,26,28
V-019,2026-03-01,FOH,31,32
V-019,2026-03-01,Management,12,12
V-019,2026-03-01,Admin,10,10
V-019,2026-03-01,Events,12,12
V-019,2026-04-01,Kitchen,27,28
V-019,2026-04-01,FOH,32,32
V-019,2026-04-01,Management,12,12
V-019,2026-04-01,Admin,11,11
V-019,2026-04-01,Events,12,12
V-019,2026-05-01,Kitchen,26,28
V-019,2026-05-01,FOH,30,32
V-019,2026-05-01,Management,12,12
V-019,2026-05-01,Admin,8,9
V-019,2026-05-01,Events,11,11
V-020,2025-09-01,Kitchen,28,31
V-020,2025-09-01,FOH,36,36
V-020,2025-09-01,Management,12,12
V-020,2025-09-01,Admin,12,12
V-020,2025-09-01,Events,11,13
V-020,2025-10-01,Kitchen,32,32
V-020,2025-10-01,FOH,33,36
V-020,2025-10-01,Management,12,12
V-020,2025-10-01,Admin,8,10
V-020,2025-10-01,Events,12,13
V-020,2025-11-01,Kitchen,30,31
V-020,2025-11-01,FOH,36,36
V-020,2025-11-01,Management,14,14
V-020,2025-11-01,Admin,9,10
V-020,2025-11-01,Events,14,14
V-020,2025-12-01,Kitchen,28,31
V-020,2025-12-01,FOH,34,36
V-020,2025-12-01,Management,13,13
V-020,2025-12-01,Admin,10,10
V-020,2025-12-01,Events,11,13
V-020,2026-01-01,Kitchen,31,31
V-020,2026-01-01,FOH,33,36
V-020,2026-01-01,Management,13,13
V-020,2026-01-01,Admin,12,12
V-020,2026-01-01,Events,13,13
V-020,2026-02-01,Kitchen,29,31
V-020,2026-02-01,FOH,36,36
V-020,2026-02-01,Management,10,12
V-020,2026-02-01,Admin,10,10
V-020,2026-02-01,Events,12,13
V-020,2026-03-01,Kitchen,28,31
V-020,2026-03-01,FOH,35,36
V-020,2026-03-01,Management,10,12
V-020,2026-03-01,Admin,10,10
V-020,2026-03-01,Events,12,13
V-020,2026-04-01,Kitchen,29,31
V-020,2026-04-01,FOH,33,36
V-020,2026-04-01,Management,12,12
V-020,2026-04-01,Admin,11,11
V-020,2026-04-01,Events,12,13
V-020,2026-05-01,Kitchen,31,31
V-020,2026-05-01,FOH,36,36
V-020,2026-05-01,Management,14,14
V-020,2026-05-01,Admin,8,10
V-020,2026-05-01,Events,11,13
V-021,2024-11-01,Kitchen,21,24
V-021,2024-11-01,FOH,27,28
V-021,2024-11-01,Management,8,9
V-021,2024-11-01,Admin,6,7
V-021,2024-11-01,Events,12,12
V-021,2024-12-01,Kitchen,25,25
V-021,2024-12-01,FOH,29,29
V-021,2024-12-01,Management,10,10
V-021,2024-12-01,Admin,5,7
V-021,2024-12-01,Events,10,10
V-021,2025-01-01,Kitchen,22,24
V-021,2025-01-01,FOH,27,28
V-021,2025-01-01,Management,7,9
V-021,2025-01-01,Admin,5,7
V-021,2025-01-01,Events,9,10
V-021,2025-02-01,Kitchen,24,24
V-021,2025-02-01,FOH,29,29
V-021,2025-02-01,Management,10,10
V-021,2025-02-01,Admin,5,7
V-021,2025-02-01,Events,8,10
V-021,2025-03-01,Kitchen,24,24
V-021,2025-03-01,FOH,29,29
V-021,2025-03-01,Management,11,11
V-021,2025-03-01,Admin,5,7
V-021,2025-03-01,Events,12,12
V-021,2025-04-01,Kitchen,25,25
V-021,2025-04-01,FOH,26,28
V-021,2025-04-01,Management,8,9
V-021,2025-04-01,Admin,7,7
V-021,2025-04-01,Events,11,11
V-021,2025-05-01,Kitchen,21,24
V-021,2025-05-01,FOH,29,29
V-021,2025-05-01,Management,9,9
V-021,2025-05-01,Admin,6,7
V-021,2025-05-01,Events,12,12
V-021,2025-06-01,Kitchen,24,24
V-021,2025-06-01,FOH,26,28
V-021,2025-06-01,Management,7,9
V-021,2025-06-01,Admin,9,9
V-021,2025-06-01,Events,10,10
V-021,2025-07-01,Kitchen,21,24
V-021,2025-07-01,FOH,29,29
V-021,2025-07-01,Management,11,11
V-021,2025-07-01,Admin,9,9
V-021,2025-07-01,Events,12,12
V-021,2025-08-01,Kitchen,25,25
V-021,2025-08-01,FOH,25,28
V-021,2025-08-01,Management,10,10
V-021,2025-08-01,Admin,8,8
V-021,2025-08-01,Events,8,10
V-021,2025-09-01,Kitchen,24,24
V-021,2025-09-01,FOH,27,28
V-021,2025-09-01,Management,9,9
V-021,2025-09-01,Admin,5,7
V-021,2025-09-01,Events,10,10
V-021,2025-10-01,Kitchen,21,24
V-021,2025-10-01,FOH,27,28
V-021,2025-10-01,Management,8,9
V-021,2025-10-01,Admin,5,7
V-021,2025-10-01,Events,12,12
V-021,2025-11-01,Kitchen,23,24
V-021,2025-11-01,FOH,26,28
V-021,2025-11-01,Management,7,9
V-021,2025-11-01,Admin,7,7
V-021,2025-11-01,Events,12,12
V-021,2025-12-01,Kitchen,23,24
V-021,2025-12-01,FOH,26,28
V-021,2025-12-01,Management,10,10
V-021,2025-12-01,Admin,8,8
V-021,2025-12-01,Events,9,10
V-021,2026-01-01,Kitchen,22,24
V-021,2026-01-01,FOH,25,28
V-021,2026-01-01,Management,10,10
V-021,2026-01-01,Admin,5,7
V-021,2026-01-01,Events,10,10
V-021,2026-02-01,Kitchen,22,24
V-021,2026-02-01,FOH,25,28
V-021,2026-02-01,Management,8,9
V-021,2026-02-01,Admin,5,7
V-021,2026-02-01,Events,10,10
V-021,2026-03-01,Kitchen,23,24
V-021,2026-03-01,FOH,29,29
V-021,2026-03-01,Management,10,10
V-021,2026-03-01,Admin,9,9
V-021,2026-03-01,Events,11,11
V-021,2026-04-01,Kitchen,23,24
V-021,2026-04-01,FOH,25,28
V-021,2026-04-01,Management,8,9
V-021,2026-04-01,Admin,7,7
V-021,2026-04-01,Events,10,10
V-021,2026-05-01,Kitchen,21,24
V-021,2026-05-01,FOH,27,28
V-021,2026-05-01,Management,9,9
V-021,2026-05-01,Admin,5,7
V-021,2026-05-01,Events,10,10
V-022,2024-11-01,Kitchen,20,20
V-022,2024-11-01,FOH,24,24
V-022,2024-11-01,Management,8,8
V-022,2024-11-01,Admin,7,7
V-022,2024-11-01,Events,8,8
V-022,2024-12-01,Kitchen,18,19
V-022,2024-12-01,FOH,24,24
V-022,2024-12-01,Management,8,8
V-022,2024-12-01,Admin,6,6
V-022,2024-12-01,Events,10,10
V-022,2025-01-01,Kitchen,19,19
V-022,2025-01-01,FOH,21,24
V-022,2025-01-01,Management,8,8
V-022,2025-01-01,Admin,4,6
V-022,2025-01-01,Events,9,9
V-022,2025-02-01,Kitchen,21,21
V-022,2025-02-01,FOH,22,24
V-022,2025-02-01,Management,9,9
V-022,2025-02-01,Admin,6,6
V-022,2025-02-01,Events,8,8
V-022,2025-03-01,Kitchen,17,19
V-022,2025-03-01,FOH,21,24
V-022,2025-03-01,Management,7,7
V-022,2025-03-01,Admin,6,6
V-022,2025-03-01,Events,8,8
V-022,2025-04-01,Kitchen,20,20
V-022,2025-04-01,FOH,25,25
V-022,2025-04-01,Management,8,8
V-022,2025-04-01,Admin,5,6
V-022,2025-04-01,Events,9,9
V-022,2025-05-01,Kitchen,19,19
V-022,2025-05-01,FOH,24,24
V-022,2025-05-01,Management,5,7
V-022,2025-05-01,Admin,6,6
V-022,2025-05-01,Events,10,10
V-022,2025-06-01,Kitchen,20,20
V-022,2025-06-01,FOH,23,24
V-022,2025-06-01,Management,5,7
V-022,2025-06-01,Admin,4,6
V-022,2025-06-01,Events,9,9
V-022,2025-07-01,Kitchen,19,19
V-022,2025-07-01,FOH,25,25
V-022,2025-07-01,Management,6,7
V-022,2025-07-01,Admin,4,6
V-022,2025-07-01,Events,7,8
V-022,2025-08-01,Kitchen,21,21
V-022,2025-08-01,FOH,24,24
V-022,2025-08-01,Management,5,7
V-022,2025-08-01,Admin,5,6
V-022,2025-08-01,Events,6,8
V-022,2025-09-01,Kitchen,18,19
V-022,2025-09-01,FOH,23,24
V-022,2025-09-01,Management,7,7
V-022,2025-09-01,Admin,7,7
V-022,2025-09-01,Events,10,10
V-022,2025-10-01,Kitchen,17,19
V-022,2025-10-01,FOH,25,25
V-022,2025-10-01,Management,6,7
V-022,2025-10-01,Admin,7,7
V-022,2025-10-01,Events,8,8
V-022,2025-11-01,Kitchen,19,19
V-022,2025-11-01,FOH,24,24
V-022,2025-11-01,Management,5,7
V-022,2025-11-01,Admin,8,8
V-022,2025-11-01,Events,7,8
V-022,2025-12-01,Kitchen,21,21
V-022,2025-12-01,FOH,23,24
V-022,2025-12-01,Management,8,8
V-022,2025-12-01,Admin,6,6
V-022,2025-12-01,Events,8,8
V-022,2026-01-01,Kitchen,18,19
V-022,2026-01-01,FOH,21,24
V-022,2026-01-01,Management,5,7
V-022,2026-01-01,Admin,5,6
V-022,2026-01-01,Events,9,9
V-022,2026-02-01,Kitchen,21,21
V-022,2026-02-01,FOH,24,24
V-022,2026-02-01,Management,9,9
V-022,2026-02-01,Admin,4,6
V-022,2026-02-01,Events,8,8
V-022,2026-03-01,Kitchen,19,19
V-022,2026-03-01,FOH,24,24
V-022,2026-03-01,Management,6,7
V-022,2026-03-01,Admin,8,8
V-022,2026-03-01,Events,8,8
V-022,2026-04-01,Kitchen,20,20
V-022,2026-04-01,FOH,22,24
V-022,2026-04-01,Management,5,7
V-022,2026-04-01,Admin,5,6
V-022,2026-04-01,Events,6,8
V-022,2026-05-01,Kitchen,20,20
V-022,2026-05-01,FOH,22,24
V-022,2026-05-01,Management,8,8
V-022,2026-05-01,Admin,4,6
V-022,2026-05-01,Events,8,8
V-023,2025-06-01,Kitchen,36,37
V-023,2025-06-01,FOH,40,44
V-023,2025-06-01,Management,16,16
V-023,2025-06-01,Admin,14,14
V-023,2025-06-01,Events,15,15
V-023,2025-07-01,Kitchen,36,37
V-023,2025-07-01,FOH,41,44
V-023,2025-07-01,Management,13,14
V-023,2025-07-01,Admin,12,12
V-023,2025-07-01,Events,17,17
V-023,2025-08-01,Kitchen,35,37
V-023,2025-08-01,FOH,40,44
V-023,2025-08-01,Management,13,14
V-023,2025-08-01,Admin,11,12
V-023,2025-08-01,Events,14,15
V-023,2025-09-01,Kitchen,37,37
V-023,2025-09-01,FOH,40,44
V-023,2025-09-01,Management,14,14
V-023,2025-09-01,Admin,14,14
V-023,2025-09-01,Events,17,17
V-023,2025-10-01,Kitchen,36,37
V-023,2025-10-01,FOH,43,44
V-023,2025-10-01,Management,16,16
V-023,2025-10-01,Admin,11,12
V-023,2025-10-01,Events,17,17
V-023,2025-11-01,Kitchen,34,37
V-023,2025-11-01,FOH,40,44
V-023,2025-11-01,Management,14,14
V-023,2025-11-01,Admin,13,13
V-023,2025-11-01,Events,16,16
V-023,2025-12-01,Kitchen,38,38
V-023,2025-12-01,FOH,43,44
V-023,2025-12-01,Management,15,15
V-023,2025-12-01,Admin,14,14
V-023,2025-12-01,Events,13,15
V-023,2026-01-01,Kitchen,35,37
V-023,2026-01-01,FOH,42,44
V-023,2026-01-01,Management,12,14
V-023,2026-01-01,Admin,13,13
V-023,2026-01-01,Events,16,16
V-023,2026-02-01,Kitchen,38,38
V-023,2026-02-01,FOH,42,44
V-023,2026-02-01,Management,13,14
V-023,2026-02-01,Admin,14,14
V-023,2026-02-01,Events,17,17
V-023,2026-03-01,Kitchen,35,37
V-023,2026-03-01,FOH,41,44
V-023,2026-03-01,Management,15,15
V-023,2026-03-01,Admin,14,14
V-023,2026-03-01,Events,13,15
V-023,2026-04-01,Kitchen,34,37
V-023,2026-04-01,FOH,44,44
V-023,2026-04-01,Management,13,14
V-023,2026-04-01,Admin,12,12
V-023,2026-04-01,Events,14,15
V-023,2026-05-01,Kitchen,35,37
V-023,2026-05-01,FOH,42,44
V-023,2026-05-01,Management,13,14
V-023,2026-05-01,Admin,12,12
V-023,2026-05-01,Events,17,17
V-024,2024-11-01,Kitchen,32,33
V-024,2024-11-01,FOH,35,38
V-024,2024-11-01,Management,12,12
V-024,2024-11-01,Admin,9,10
V-024,2024-11-01,Events,16,16
V-024,2024-12-01,Kitchen,32,33
V-024,2024-12-01,FOH,36,38
V-024,2024-12-01,Management,12,12
V-024,2024-12-01,Admin,12,12
V-024,2024-12-01,Events,16,16
V-024,2025-01-01,Kitchen,30,33
V-024,2025-01-01,FOH,39,39
V-024,2025-01-01,Management,11,12
V-024,2025-01-01,Admin,12,12
V-024,2025-01-01,Events,16,16
V-024,2025-02-01,Kitchen,31,33
V-024,2025-02-01,FOH,36,38
V-024,2025-02-01,Management,14,14
V-024,2025-02-01,Admin,12,12
V-024,2025-02-01,Events,14,14
V-024,2025-03-01,Kitchen,34,34
V-024,2025-03-01,FOH,35,38
V-024,2025-03-01,Management,10,12
V-024,2025-03-01,Admin,8,10
V-024,2025-03-01,Events,12,14
V-024,2025-04-01,Kitchen,34,34
V-024,2025-04-01,FOH,37,38
V-024,2025-04-01,Management,11,12
V-024,2025-04-01,Admin,12,12
V-024,2025-04-01,Events,15,15
V-024,2025-05-01,Kitchen,34,34
V-024,2025-05-01,FOH,35,38
V-024,2025-05-01,Management,13,13
V-024,2025-05-01,Admin,12,12
V-024,2025-05-01,Events,14,14
V-024,2025-06-01,Kitchen,32,33
V-024,2025-06-01,FOH,38,38
V-024,2025-06-01,Management,11,12
V-024,2025-06-01,Admin,11,11
V-024,2025-06-01,Events,14,14
V-024,2025-07-01,Kitchen,33,33
V-024,2025-07-01,FOH,35,38
V-024,2025-07-01,Management,10,12
V-024,2025-07-01,Admin,9,10
V-024,2025-07-01,Events,15,15
V-024,2025-08-01,Kitchen,33,33
V-024,2025-08-01,FOH,38,38
V-024,2025-08-01,Management,13,13
V-024,2025-08-01,Admin,9,10
V-024,2025-08-01,Events,14,14
V-024,2025-09-01,Kitchen,34,34
V-024,2025-09-01,FOH,36,38
V-024,2025-09-01,Management,12,12
V-024,2025-09-01,Admin,10,10
V-024,2025-09-01,Events,14,14
V-024,2025-10-01,Kitchen,33,33
V-024,2025-10-01,FOH,36,38
V-024,2025-10-01,Management,12,12
V-024,2025-10-01,Admin,12,12
V-024,2025-10-01,Events,16,16
V-024,2025-11-01,Kitchen,30,33
V-024,2025-11-01,FOH,37,38
V-024,2025-11-01,Management,11,12
V-024,2025-11-01,Admin,11,11
V-024,2025-11-01,Events,12,14
V-024,2025-12-01,Kitchen,32,33
V-024,2025-12-01,FOH,38,38
V-024,2025-12-01,Management,11,12
V-024,2025-12-01,Admin,9,10
V-024,2025-12-01,Events,12,14
V-024,2026-01-01,Kitchen,30,33
V-024,2026-01-01,FOH,37,38
V-024,2026-01-01,Management,13,13
V-024,2026-01-01,Admin,12,12
V-024,2026-01-01,Events,15,15
V-024,2026-02-01,Kitchen,31,33
V-024,2026-02-01,FOH,36,38
V-024,2026-02-01,Management,12,12
V-024,2026-02-01,Admin,12,12
V-024,2026-02-01,Events,14,14
V-024,2026-03-01,Kitchen,31,33
V-024,2026-03-01,FOH,36,38
V-024,2026-03-01,Management,13,13
V-024,2026-03-01,Admin,12,12
V-024,2026-03-01,Events,15,15
V-024,2026-04-01,Kitchen,33,33
V-024,2026-04-01,FOH,37,38
V-024,2026-04-01,Management,13,13
V-024,2026-04-01,Admin,8,10
V-024,2026-04-01,Events,12,14
V-024,2026-05-01,Kitchen,33,33
V-024,2026-05-01,FOH,39,39
V-024,2026-05-01,Management,13,13
V-024,2026-05-01,Admin,9,10
V-024,2026-05-01,Events,13,14
V-025,2024-11-01,Kitchen,27,27
V-025,2024-11-01,FOH,29,30
V-025,2024-11-01,Management,8,10
V-025,2024-11-01,Admin,6,8
V-025,2024-11-01,Events,10,10
V-025,2024-12-01,Kitchen,26,26
V-025,2024-12-01,FOH,31,31
V-025,2024-12-01,Management,11,11
V-025,2024-12-01,Admin,8,8
V-025,2024-12-01,Events,12,12
V-025,2025-01-01,Kitchen,23,26
V-025,2025-01-01,FOH,27,30
V-025,2025-01-01,Management,11,11
V-025,2025-01-01,Admin,7,8
V-025,2025-01-01,Events,10,10
V-025,2025-02-01,Kitchen,25,26
V-025,2025-02-01,FOH,30,30
V-025,2025-02-01,Management,10,10
V-025,2025-02-01,Admin,6,8
V-025,2025-02-01,Events,11,11
V-025,2025-03-01,Kitchen,23,26
V-025,2025-03-01,FOH,31,31
V-025,2025-03-01,Management,12,12
V-025,2025-03-01,Admin,7,8
V-025,2025-03-01,Events,10,10
V-025,2025-04-01,Kitchen,27,27
V-025,2025-04-01,FOH,29,30
V-025,2025-04-01,Management,8,10
V-025,2025-04-01,Admin,9,9
V-025,2025-04-01,Events,12,12
V-025,2025-05-01,Kitchen,26,26
V-025,2025-05-01,FOH,31,31
V-025,2025-05-01,Management,10,10
V-025,2025-05-01,Admin,10,10
V-025,2025-05-01,Events,12,12
V-025,2025-06-01,Kitchen,23,26
V-025,2025-06-01,FOH,28,30
V-025,2025-06-01,Management,8,10
V-025,2025-06-01,Admin,9,9
V-025,2025-06-01,Events,10,10
V-025,2025-07-01,Kitchen,25,26
V-025,2025-07-01,FOH,31,31
V-025,2025-07-01,Management,10,10
V-025,2025-07-01,Admin,7,8
V-025,2025-07-01,Events,9,10
V-025,2025-08-01,Kitchen,27,27
V-025,2025-08-01,FOH,31,31
V-025,2025-08-01,Management,11,11
V-025,2025-08-01,Admin,10,10
V-025,2025-08-01,Events,8,10
V-025,2025-09-01,Kitchen,23,26
V-025,2025-09-01,FOH,27,30
V-025,2025-09-01,Management,9,10
V-025,2025-09-01,Admin,8,8
V-025,2025-09-01,Events,11,11
V-025,2025-10-01,Kitchen,27,27
V-025,2025-10-01,FOH,30,30
V-025,2025-10-01,Management,9,10
V-025,2025-10-01,Admin,10,10
V-025,2025-10-01,Events,12,12
V-025,2025-11-01,Kitchen,24,26
V-025,2025-11-01,FOH,29,30
V-025,2025-11-01,Management,12,12
V-025,2025-11-01,Admin,8,8
V-025,2025-11-01,Events,9,10
V-025,2025-12-01,Kitchen,26,26
V-025,2025-12-01,FOH,31,31
V-025,2025-12-01,Management,10,10
V-025,2025-12-01,Admin,10,10
V-025,2025-12-01,Events,10,10
V-025,2026-01-01,Kitchen,27,27
V-025,2026-01-01,FOH,31,31
V-025,2026-01-01,Management,12,12
V-025,2026-01-01,Admin,9,9
V-025,2026-01-01,Events,12,12
V-025,2026-02-01,Kitchen,25,26
V-025,2026-02-01,FOH,30,30
V-025,2026-02-01,Management,8,10
V-025,2026-02-01,Admin,8,8
V-025,2026-02-01,Events,10,10
V-025,2026-03-01,Kitchen,23,26
V-025,2026-03-01,FOH,30,30
V-025,2026-03-01,Management,12,12
V-025,2026-03-01,Admin,8,8
V-025,2026-03-01,Events,8,10
V-025,2026-04-01,Kitchen,27,27
V-025,2026-04-01,FOH,30,30
V-025,2026-04-01,Management,10,10
V-025,2026-04-01,Admin,10,10
V-025,2026-04-01,Events,12,12
V-025,2026-05-01,Kitchen,24,26
V-025,2026-05-01,FOH,27,30
V-025,2026-05-01,Management,12,12
V-025,2026-05-01,Admin,9,9
V-025,2026-05-01,Events,9,10
V-026,2024-11-01,Kitchen,30,30
V-026,2024-11-01,FOH,35,35
V-026,2024-11-01,Management,12,12
V-026,2024-11-01,Admin,8,9
V-026,2024-11-01,Events,11,12
V-026,2024-12-01,Kitchen,26,29
V-026,2024-12-01,FOH,35,35
V-026,2024-12-01,Management,9,11
V-026,2024-12-01,Admin,8,9
V-026,2024-12-01,Events,10,12
V-026,2025-01-01,Kitchen,29,29
V-026,2025-01-01,FOH,33,34
V-026,2025-01-01,Management,12,12
V-026,2025-01-01,Admin,8,9
V-026,2025-01-01,Events,13,13
V-026,2025-02-01,Kitchen,27,29
V-026,2025-02-01,FOH,34,34
V-026,2025-02-01,Management,13,13
V-026,2025-02-01,Admin,11,11
V-026,2025-02-01,Events,13,13
V-026,2025-03-01,Kitchen,26,29
V-026,2025-03-01,FOH,32,34
V-026,2025-03-01,Management,13,13
V-026,2025-03-01,Admin,8,9
V-026,2025-03-01,Events,14,14
V-026,2025-04-01,Kitchen,28,29
V-026,2025-04-01,FOH,34,34
V-026,2025-04-01,Management,13,13
V-026,2025-04-01,Admin,10,10
V-026,2025-04-01,Events,12,12
V-026,2025-05-01,Kitchen,27,29
V-026,2025-05-01,FOH,34,34
V-026,2025-05-01,Management,13,13
V-026,2025-05-01,Admin,9,9
V-026,2025-05-01,Events,14,14
V-026,2025-06-01,Kitchen,28,29
V-026,2025-06-01,FOH,33,34
V-026,2025-06-01,Management,13,13
V-026,2025-06-01,Admin,10,10
V-026,2025-06-01,Events,11,12
V-026,2025-07-01,Kitchen,27,29
V-026,2025-07-01,FOH,33,34
V-026,2025-07-01,Management,13,13
V-026,2025-07-01,Admin,9,9
V-026,2025-07-01,Events,11,12
V-026,2025-08-01,Kitchen,28,29
V-026,2025-08-01,FOH,33,34
V-026,2025-08-01,Management,10,11
V-026,2025-08-01,Admin,10,10
V-026,2025-08-01,Events,12,12
V-026,2025-09-01,Kitchen,29,29
V-026,2025-09-01,FOH,33,34
V-026,2025-09-01,Management,13,13
V-026,2025-09-01,Admin,9,9
V-026,2025-09-01,Events,12,12
V-026,2025-10-01,Kitchen,26,29
V-026,2025-10-01,FOH,35,35
V-026,2025-10-01,Management,13,13
V-026,2025-10-01,Admin,10,10
V-026,2025-10-01,Events,13,13
V-026,2025-11-01,Kitchen,28,29
V-026,2025-11-01,FOH,32,34
V-026,2025-11-01,Management,11,11
V-026,2025-11-01,Admin,7,9
V-026,2025-11-01,Events,12,12
V-026,2025-12-01,Kitchen,26,29
V-026,2025-12-01,FOH,33,34
V-026,2025-12-01,Management,12,12
V-026,2025-12-01,Admin,9,9
V-026,2025-12-01,Events,13,13
V-026,2026-01-01,Kitchen,27,29
V-026,2026-01-01,FOH,32,34
V-026,2026-01-01,Management,13,13
V-026,2026-01-01,Admin,9,9
V-026,2026-01-01,Events,14,14
V-026,2026-02-01,Kitchen,28,29
V-026,2026-02-01,FOH,32,34
V-026,2026-02-01,Management,9,11
V-026,2026-02-01,Admin,11,11
V-026,2026-02-01,Events,14,14
V-026,2026-03-01,Kitchen,27,29
V-026,2026-03-01,FOH,32,34
V-026,2026-03-01,Management,9,11
V-026,2026-03-01,Admin,11,11
V-026,2026-03-01,Events,11,12
V-026,2026-04-01,Kitchen,27,29
V-026,2026-04-01,FOH,31,34
V-026,2026-04-01,Management,9,11
V-026,2026-04-01,Admin,10,10
V-026,2026-04-01,Events,12,12
V-026,2026-05-01,Kitchen,29,29
V-026,2026-05-01,FOH,31,34
V-026,2026-05-01,Management,10,11
V-026,2026-05-01,Admin,7,9
V-026,2026-05-01,Events,14,14
V-027,2025-04-01,Kitchen,26,28
V-027,2025-04-01,FOH,32,32
V-027,2025-04-01,Management,11,11
V-027,2025-04-01,Admin,10,10
V-027,2025-04-01,Events,10,11
V-027,2025-05-01,Kitchen,27,28
V-027,2025-05-01,FOH,31,32
V-027,2025-05-01,Management,10,10
V-027,2025-05-01,Admin,7,9
V-027,2025-05-01,Events,9,11
V-027,2025-06-01,Kitchen,29,29
V-027,2025-06-01,FOH,30,32
V-027,2025-06-01,Management,12,12
V-027,2025-06-01,Admin,7,9
V-027,2025-06-01,Events,10,11
V-027,2025-07-01,Kitchen,28,28
V-027,2025-07-01,FOH,30,32
V-027,2025-07-01,Management,8,10
V-027,2025-07-01,Admin,10,10
V-027,2025-07-01,Events,12,12
V-027,2025-08-01,Kitchen,26,28
V-027,2025-08-01,FOH,31,32
V-027,2025-08-01,Management,8,10
V-027,2025-08-01,Admin,7,9
V-027,2025-08-01,Events,11,11
V-027,2025-09-01,Kitchen,29,29
V-027,2025-09-01,FOH,33,33
V-027,2025-09-01,Management,8,10
V-027,2025-09-01,Admin,9,9
V-027,2025-09-01,Events,11,11
V-027,2025-10-01,Kitchen,28,28
V-027,2025-10-01,FOH,33,33
V-027,2025-10-01,Management,12,12
V-027,2025-10-01,Admin,10,10
V-027,2025-10-01,Events,10,11
V-027,2025-11-01,Kitchen,29,29
V-027,2025-11-01,FOH,32,32
V-027,2025-11-01,Management,10,10
V-027,2025-11-01,Admin,8,9
V-027,2025-11-01,Events,9,11
V-027,2025-12-01,Kitchen,27,28
V-027,2025-12-01,FOH,30,32
V-027,2025-12-01,Management,11,11
V-027,2025-12-01,Admin,9,9
V-027,2025-12-01,Events,10,11
V-027,2026-01-01,Kitchen,25,28
V-027,2026-01-01,FOH,31,32
V-027,2026-01-01,Management,10,10
V-027,2026-01-01,Admin,11,11
V-027,2026-01-01,Events,10,11
V-027,2026-02-01,Kitchen,26,28
V-027,2026-02-01,FOH,33,33
V-027,2026-02-01,Management,11,11
V-027,2026-02-01,Admin,10,10
V-027,2026-02-01,Events,13,13
V-027,2026-03-01,Kitchen,27,28
V-027,2026-03-01,FOH,29,32
V-027,2026-03-01,Management,11,11
V-027,2026-03-01,Admin,7,9
V-027,2026-03-01,Events,10,11
V-027,2026-04-01,Kitchen,26,28
V-027,2026-04-01,FOH,32,32
V-027,2026-04-01,Management,10,10
V-027,2026-04-01,Admin,8,9
V-027,2026-04-01,Events,9,11
V-027,2026-05-01,Kitchen,27,28
V-027,2026-05-01,FOH,32,32
V-027,2026-05-01,Management,9,10
V-027,2026-05-01,Admin,10,10
V-027,2026-05-01,Events,11,11
V-028,2024-11-01,Kitchen,39,40
V-028,2024-11-01,FOH,46,48
V-028,2024-11-01,Management,17,17
V-028,2024-11-01,Admin,15,15
V-028,2024-11-01,Events,15,17
V-028,2024-12-01,Kitchen,39,40
V-028,2024-12-01,FOH,46,48
V-028,2024-12-01,Management,14,15
V-028,2024-12-01,Admin,11,13
V-028,2024-12-01,Events,15,17
V-028,2025-01-01,Kitchen,40,40
V-028,2025-01-01,FOH,46,48
V-028,2025-01-01,Management,14,15
V-028,2025-01-01,Admin,14,14
V-028,2025-01-01,Events,19,19
V-028,2025-02-01,Kitchen,39,40
V-028,2025-02-01,FOH,44,48
V-028,2025-02-01,Management,15,15
V-028,2025-02-01,Admin,13,13
V-028,2025-02-01,Events,19,19
V-028,2025-03-01,Kitchen,38,40
V-028,2025-03-01,FOH,45,48
V-028,2025-03-01,Management,14,15
V-028,2025-03-01,Admin,14,14
V-028,2025-03-01,Events,16,17
V-028,2025-04-01,Kitchen,40,40
V-028,2025-04-01,FOH,48,48
V-028,2025-04-01,Management,15,15
V-028,2025-04-01,Admin,14,14
V-028,2025-04-01,Events,19,19
V-028,2025-05-01,Kitchen,40,40
V-028,2025-05-01,FOH,48,48
V-028,2025-05-01,Management,14,15
V-028,2025-05-01,Admin,12,13
V-028,2025-05-01,Events,19,19
V-028,2025-06-01,Kitchen,37,40
V-028,2025-06-01,FOH,48,48
V-028,2025-06-01,Management,16,16
V-028,2025-06-01,Admin,15,15
V-028,2025-06-01,Events,17,17
V-028,2025-07-01,Kitchen,37,40
V-028,2025-07-01,FOH,48,48
V-028,2025-07-01,Management,13,15
V-028,2025-07-01,Admin,11,13
V-028,2025-07-01,Events,19,19
V-028,2025-08-01,Kitchen,41,41
V-028,2025-08-01,FOH,45,48
V-028,2025-08-01,Management,17,17
V-028,2025-08-01,Admin,15,15
V-028,2025-08-01,Events,16,17
V-028,2025-09-01,Kitchen,38,40
V-028,2025-09-01,FOH,46,48
V-028,2025-09-01,Management,17,17
V-028,2025-09-01,Admin,14,14
V-028,2025-09-01,Events,15,17
V-028,2025-10-01,Kitchen,38,40
V-028,2025-10-01,FOH,48,48
V-028,2025-10-01,Management,16,16
V-028,2025-10-01,Admin,11,13
V-028,2025-10-01,Events,19,19
V-028,2025-11-01,Kitchen,40,40
V-028,2025-11-01,FOH,44,48
V-028,2025-11-01,Management,16,16
V-028,2025-11-01,Admin,12,13
V-028,2025-11-01,Events,19,19
V-028,2025-12-01,Kitchen,40,40
V-028,2025-12-01,FOH,47,48
V-028,2025-12-01,Management,17,17
V-028,2025-12-01,Admin,11,13
V-028,2025-12-01,Events,19,19
V-028,2026-01-01,Kitchen,40,40
V-028,2026-01-01,FOH,46,48
V-028,2026-01-01,Management,13,15
V-028,2026-01-01,Admin,14,14
V-028,2026-01-01,Events,17,17
V-028,2026-02-01,Kitchen,37,40
V-028,2026-02-01,FOH,45,48
V-028,2026-02-01,Management,17,17
V-028,2026-02-01,Admin,11,13
V-028,2026-02-01,Events,15,17
V-028,2026-03-01,Kitchen,40,40
V-028,2026-03-01,FOH,46,48
V-028,2026-03-01,Management,13,15
V-028,2026-03-01,Admin,15,15
V-028,2026-03-01,Events,15,17
V-028,2026-04-01,Kitchen,37,40
V-028,2026-04-01,FOH,47,48
V-028,2026-04-01,Management,13,15
V-028,2026-04-01,Admin,13,13
V-028,2026-04-01,Events,18,18
V-028,2026-05-01,Kitchen,38,40
V-028,2026-05-01,FOH,45,48
V-028,2026-05-01,Management,16,16
V-028,2026-05-01,Admin,13,13
V-028,2026-05-01,Events,18,18
V-029,2024-11-01,Kitchen,46,47
V-029,2024-11-01,FOH,53,54
V-029,2024-11-01,Management,19,19
V-029,2024-11-01,Admin,13,15
V-029,2024-11-01,Events,21,21
V-029,2024-12-01,Kitchen,44,47
V-029,2024-12-01,FOH,52,54
V-029,2024-12-01,Management,16,18
V-029,2024-12-01,Admin,14,15
V-029,2024-12-01,Events,21,21
V-029,2025-01-01,Kitchen,46,47
V-029,2025-01-01,FOH,54,54
V-029,2025-01-01,Management,17,18
V-029,2025-01-01,Admin,14,15
V-029,2025-01-01,Events,17,19
V-029,2025-02-01,Kitchen,43,47
V-029,2025-02-01,FOH,52,54
V-029,2025-02-01,Management,19,19
V-029,2025-02-01,Admin,17,17
V-029,2025-02-01,Events,20,20
V-029,2025-03-01,Kitchen,47,47
V-029,2025-03-01,FOH,53,54
V-029,2025-03-01,Management,17,18
V-029,2025-03-01,Admin,14,15
V-029,2025-03-01,Events,20,20
V-029,2025-04-01,Kitchen,45,47
V-029,2025-04-01,FOH,51,54
V-029,2025-04-01,Management,18,18
V-029,2025-04-01,Admin,14,15
V-029,2025-04-01,Events,17,19
V-029,2025-05-01,Kitchen,43,47
V-029,2025-05-01,FOH,53,54
V-029,2025-05-01,Management,20,20
V-029,2025-05-01,Admin,13,15
V-029,2025-05-01,Events,18,19
V-029,2025-06-01,Kitchen,44,47
V-029,2025-06-01,FOH,50,54
V-029,2025-06-01,Management,16,18
V-029,2025-06-01,Admin,17,17
V-029,2025-06-01,Events,17,19
V-029,2025-07-01,Kitchen,46,47
V-029,2025-07-01,FOH,54,54
V-029,2025-07-01,Management,16,18
V-029,2025-07-01,Admin,14,15
V-029,2025-07-01,Events,17,19
V-029,2025-08-01,Kitchen,46,47
V-029,2025-08-01,FOH,53,54
V-029,2025-08-01,Management,17,18
V-029,2025-08-01,Admin,17,17
V-029,2025-08-01,Events,18,19
V-029,2025-09-01,Kitchen,43,47
V-029,2025-09-01,FOH,51,54
V-029,2025-09-01,Management,20,20
V-029,2025-09-01,Admin,15,15
V-029,2025-09-01,Events,18,19
V-029,2025-10-01,Kitchen,47,47
V-029,2025-10-01,FOH,52,54
V-029,2025-10-01,Management,20,20
V-029,2025-10-01,Admin,17,17
V-029,2025-10-01,Events,19,19
V-029,2025-11-01,Kitchen,44,47
V-029,2025-11-01,FOH,52,54
V-029,2025-11-01,Management,17,18
V-029,2025-11-01,Admin,17,17
V-029,2025-11-01,Events,18,19
V-029,2025-12-01,Kitchen,46,47
V-029,2025-12-01,FOH,52,54
V-029,2025-12-01,Management,18,18
V-029,2025-12-01,Admin,13,15
V-029,2025-12-01,Events,21,21
V-029,2026-01-01,Kitchen,47,47
V-029,2026-01-01,FOH,51,54
V-029,2026-01-01,Management,19,19
V-029,2026-01-01,Admin,17,17
V-029,2026-01-01,Events,20,20
V-029,2026-02-01,Kitchen,43,47
V-029,2026-02-01,FOH,52,54
V-029,2026-02-01,Management,19,19
V-029,2026-02-01,Admin,17,17
V-029,2026-02-01,Events,19,19
V-029,2026-03-01,Kitchen,46,47
V-029,2026-03-01,FOH,53,54
V-029,2026-03-01,Management,17,18
V-029,2026-03-01,Admin,15,15
V-029,2026-03-01,Events,20,20
V-029,2026-04-01,Kitchen,44,47
V-029,2026-04-01,FOH,54,54
V-029,2026-04-01,Management,19,19
V-029,2026-04-01,Admin,14,15
V-029,2026-04-01,Events,18,19
V-029,2026-05-01,Kitchen,45,47
V-029,2026-05-01,FOH,51,54
V-029,2026-05-01,Management,19,19
V-029,2026-05-01,Admin,13,15
V-029,2026-05-01,Events,21,21
V-030,2025-03-01,Kitchen,33,33
V-030,2025-03-01,FOH,38,38
V-030,2025-03-01,Management,14,14
V-030,2025-03-01,Admin,12,12
V-030,2025-03-01,Events,13,14
V-030,2025-04-01,Kitchen,33,33
V-030,2025-04-01,FOH,36,38
V-030,2025-04-01,Management,12,12
V-030,2025-04-01,Admin,9,10
V-030,2025-04-01,Events,14,14
V-030,2025-05-01,Kitchen,30,33
V-030,2025-05-01,FOH,38,38
V-030,2025-05-01,Management,12,12
V-030,2025-05-01,Admin,8,10
V-030,2025-05-01,Events,16,16
V-030,2025-06-01,Kitchen,31,33
V-030,2025-06-01,FOH,35,38
V-030,2025-06-01,Management,12,12
V-030,2025-06-01,Admin,11,11
V-030,2025-06-01,Events,16,16
V-030,2025-07-01,Kitchen,34,34
V-030,2025-07-01,FOH,35,38
V-030,2025-07-01,Management,10,12
V-030,2025-07-01,Admin,9,10
V-030,2025-07-01,Events,16,16
V-030,2025-08-01,Kitchen,34,34
V-030,2025-08-01,FOH,36,38
V-030,2025-08-01,Management,13,13
V-030,2025-08-01,Admin,9,10
V-030,2025-08-01,Events,14,14
V-030,2025-09-01,Kitchen,32,33
V-030,2025-09-01,FOH,35,38
V-030,2025-09-01,Management,11,12
V-030,2025-09-01,Admin,9,10
V-030,2025-09-01,Events,12,14
V-030,2025-10-01,Kitchen,33,33
V-030,2025-10-01,FOH,36,38
V-030,2025-10-01,Management,14,14
V-030,2025-10-01,Admin,9,10
V-030,2025-10-01,Events,15,15
V-030,2025-11-01,Kitchen,31,33
V-030,2025-11-01,FOH,39,39
V-030,2025-11-01,Management,12,12
V-030,2025-11-01,Admin,10,10
V-030,2025-11-01,Events,15,15
V-030,2025-12-01,Kitchen,33,33
V-030,2025-12-01,FOH,39,39
V-030,2025-12-01,Management,12,12
V-030,2025-12-01,Admin,10,10
V-030,2025-12-01,Events,14,14
V-030,2026-01-01,Kitchen,32,33
V-030,2026-01-01,FOH,39,39
V-030,2026-01-01,Management,13,13
V-030,2026-01-01,Admin,11,11
V-030,2026-01-01,Events,12,14
V-030,2026-02-01,Kitchen,33,33
V-030,2026-02-01,FOH,37,38
V-030,2026-02-01,Management,11,12
V-030,2026-02-01,Admin,10,10
V-030,2026-02-01,Events,14,14
V-030,2026-03-01,Kitchen,33,33
V-030,2026-03-01,FOH,35,38
V-030,2026-03-01,Management,14,14
V-030,2026-03-01,Admin,9,10
V-030,2026-03-01,Events,13,14
V-030,2026-04-01,Kitchen,30,33
V-030,2026-04-01,FOH,37,38
V-030,2026-04-01,Management,14,14
V-030,2026-04-01,Admin,12,12
V-030,2026-04-01,Events,16,16
V-030,2026-05-01,Kitchen,33,33
V-030,2026-05-01,FOH,37,38
V-030,2026-05-01,Management,11,12
V-030,2026-05-01,Admin,9,10
V-030,2026-05-01,Events,14,14
